,0_amin,0_amax,0_mean,0_std,0_median,1_amin,1_amax,1_mean,1_std,1_median,2_amin,2_amax,2_mean,2_std,2_median
abalone,-1.032368785763663,1.4569622253004095,0.615392559287233,1.1652327344565299,1.4215842383249528,-0.27007386294460634,1.531480188410281,0.5542092627539564,0.7433945566073865,0.4012214627961945,-1.4839740438062616,3.5706258604768495,0.600951750133741,2.156282253575709,-0.2837965662693649
adult,-2.059298370948706,0.23232978258219752,-0.6272120461902145,1.0193937081837192,-0.05466755020413486,-1.2713473562666235,-0.7661075111852657,-1.0604717328814992,0.21454538727337538,-1.1439603311926083,-0.40878623383145407,0.6056198575851514,0.06457022107998951,0.416886639029116,-0.0031229605137287745
balance_scale,0.14581607890281592,1.4270626940338187,0.713833669971268,0.5330497115031034,0.5686222369771694,-1.8285845549673687,-0.0073315346934375554,-0.6215020115122505,0.8535803731094219,-0.028589944875945295,-1.648686821179613,1.7220935495787473,-0.11645947964081464,1.3930581818843237,-0.4227851673215781
breast_cancer,-2.0827412335141067,-1.3043628508232055,-1.5756393026977253,0.3588671704579514,-1.3398138237558637,-1.4961527890698223,1.1297804714027595,-0.2437256694501253,1.0754460994245227,-0.36480469068331317,-1.566673305250639,4.495667954880039,1.7399385695759422,2.50540735563668,2.290821059098426
breast_cancer_wisconsin_original,-1.4111254785836285,3.1835665281949908,0.617227148642762,1.9139611574859454,0.07924039631692348,0.5606692278728903,6.811285313994724,3.7761045863564835,2.554984561333285,3.9563592172018343,-0.3154639167604769,6.841489344824013,3.251682719750315,2.921857868256368,3.229022731187408
breast_cancer_wisconsin_prognostic,-2.7833223642881,1.8391689695090772,-0.022302696701723617,1.9914394271215978,0.8772453046738522,1.125584218179477,3.709422586529227,2.001187492588541,1.208032005263514,1.1685556730569178,-0.3833319150623717,1.4286686164521805,0.7528208092678161,0.8081860116391203,1.2131257264136397
car_evaluation,-1.1571519711666138,2.4887641627071,0.4859258805844843,1.510021366130512,0.12616545021296677,-1.2271456466410533,1.9211859985687136,0.549327763646046,1.316759435674996,0.9539429390104774,-1.0857123077568258,0.7076109668472151,-0.3632019776076946,0.7724368906943444,-0.7115045919134732
credit_approval,-1.961758697516856,-0.5827469198619849,-1.1682127182084585,0.5818885299949765,-0.9601325372465347,-1.4728219262948,3.575757168964261,0.663645077161413,2.1328004591114307,-0.11200001118522203,-1.9541636653882621,0.09025972657202061,-0.8862815631650599,0.8371276722291989,-0.794940750678938
contraceptive_method_choice,-1.2012820666512136,0.6950030466509985,-0.3924725286555449,0.7988388982332651,-0.6711385659664196,0.27051016531129,1.2788561672440728,0.8833376537386215,0.4393994445753246,1.1006466286605017,-1.9161600931248226,-0.15654353440068722,-1.0370683239241785,0.718361166635315,-1.0385013442470257
dermatology,-4.460429294153435,0.3430140059543412,-1.845361915786728,1.9840725933805199,-1.4186704591610901,-0.13934937227678643,1.5254919806873597,0.43377747357589663,0.772279765560927,-0.08481018768288331,-6.147111481677537,1.3326714468270233,-2.822991817421249,3.1097038158430013,-3.6545354174132325
ecoli,-1.5496731920677773,0.08543810911167733,-0.5847611877955047,0.6993039047143182,-0.29004848043041426,-1.1410410907671897,1.4985119659960264,0.12988225763294797,1.0798055332481293,0.03217589767000722,-2.0150937204461243,0.4117317807044504,-0.46787566121010177,1.0974663109571825,0.19973495611136854
glass_identification,-0.8842279328573582,-0.19318789147314758,-0.6404457325295773,0.31668684529728885,-0.8439213732582258,-0.9416862093975137,0.32450738953829567,-0.40967769548191474,0.5363258225644916,-0.6118542665865262,-2.7342603982212603,3.4148897535817335,0.5884936967560584,2.5347965564495842,1.084851734907702
heart_disease,-0.9175027816074952,0.7035038644767704,-0.293903048098471,0.7126076489454872,-0.6677102271646883,-1.2760661885681681,2.3378665175935858,0.13922692188890284,1.5759338370478935,-0.6441195633587091,-1.5951284928472353,0.2514603251054889,-0.6225829766515526,0.7570775303027631,-0.5240807622129114
hepatitis,-1.849351318875081,2.2250175961622163,0.7376742566966109,1.8361365743068627,1.8373564928026973,-1.376247297892181,0.5425801275714393,-0.4159039114271292,0.7833591194582414,-0.41404456396064576,0.13640162900831665,1.2489293807901602,0.6473400125780852,0.4586884929765557,0.5566890279357787
image_segmentation,-2.031215633133416,0.08428507935146402,-0.7387493167353089,0.9252425130693749,-0.2693173964239748,-2.1708729137680627,-0.5120413391123885,-1.3202523819620542,0.6778787855429659,-1.2778428930057117,-2.5638020912436725,0.9108545027031782,-0.6997946017277131,1.429790769060114,-0.44643621664264505
ionosphere,-1.5048261729948096,1.0924033726401912,-0.2600995987371691,1.0630497454688026,-0.36787599585688896,-5.410182767058841,1.1353038909520154,-1.5767785402872303,2.787336939852743,-0.4554567447548652,-1.158063609773558,4.555764729112056,2.4649644929207315,2.5719966624821855,3.997192359423696
iris,-2.6830877391009484,0.6663543186052348,-0.6358112885507207,1.4653971364310656,0.10929955484355147,-2.8761531008670995,1.8178117867697583,-0.28455153157752516,1.9472788092156927,0.20468671936476562,-0.7052391661994885,1.6152851395796144,0.5337624335928108,0.9538720965704466,0.6912413273983065
isolet,-12.886797630659999,-3.576216280295509,-6.9869007584829825,4.188783835214553,-4.497688364493442,1.2859151700073042,8.470218574465653,4.9037935671743496,2.9332052366339494,4.955246957050093,-11.325173611072225,3.341517215845129,-1.87020169072594,6.697355301772969,2.373051323049276
letter_recognition,-0.6610630444879868,3.3192753075834225,1.1334089138015935,1.6483659691430497,0.742014478309345,0.07761347693204387,3.707990235399317,1.3983648933534882,1.6387622529803139,0.409490967729104,-2.033600061204416,0.5733549642690051,-0.9068038317397288,1.0932222871817143,-1.2601663982837756
lung_cancer,-2.8972384903774704,-0.5360048805442726,-1.5089641896398662,1.007710588996474,-1.0936491979978558,-2.9858485134562587,-0.9332866377814026,-1.9968226194879384,0.8396095831792053,-2.071332707226154,-1.606692253994339,1.1664958270307446,-0.5921746818967458,1.2484565746631098,-1.3363276187266435
mushroom,-1.645171043747791,0.08166001352006154,-0.7882347187298152,0.7050353727885779,-0.8011931259617159,-4.180430373642803,5.251970554834733,1.3314025472305226,4.011785956157764,2.922667460499638,-2.3608326201205854,-0.008459733072020892,-1.4303151951722846,1.021265342600233,-1.9216532323242468
optical_recognition_of_handwritten_digits,-2.636015721519495,-2.0308659414223764,-2.4160817691160488,0.27330097915727536,-2.5813636444062755,-2.272342409019716,2.4504560514937226,0.4095794203348014,1.98064140019578,1.0506246185303976,-0.6556780557928268,4.827826844489305,2.238224658606572,2.2489487331634423,2.542525187123238
pen-based_recognition_of_handwritten_digits,-1.442970714550267,2.2644901058558693,-0.13737291084659234,1.7005223700645815,-1.2336381238453793,-2.0473857967463127,0.8952609854144733,-0.6460810298061387,1.2054045916398846,-0.7861182780865766,-1.7235176635613596,2.2229491646941746,0.8938166192890978,1.8508102538975186,2.182018356734478
congressional_voting_records,-2.1951018171076906,1.8393633607839979,-0.7283484567157078,1.8217774216614053,-1.8293069138234304,0.6685809147263841,3.766143726766415,1.7632662093652163,1.4182932651013735,0.8550739866028492,-1.8995999963733496,5.163989451720131,1.4797613526367783,2.8917447759993786,1.1748946025635538
wine,-2.785028984152025,0.9832377030094752,-0.9462424112438379,1.5397245306058411,-1.0369359525889645,-1.567245336710284,2.3722159154054148,0.034512764231842796,1.6903747270847709,-0.7014322859996024,0.6694970022937149,3.0094626355442973,1.5953005279284207,1.0157855317091447,1.1069419459472498
yeast,-2.104985277381573,0.41236496166618547,-0.9308396345897699,1.0346331890476121,-1.0998985880539227,-0.38237200107702357,1.6206146394877643,0.6822213915536751,0.8225706567265564,0.8084215362502849,-0.6542191558649176,2.3847784425167755,0.8367086772217499,1.2413233532685466,0.779566745013392
zoo,-3.2274968171635807,1.991750529788466,0.1339032549666023,2.3812656267745167,1.6374560522749217,-1.8131529882610453,2.6284991955890993,0.7207465960393913,1.8665678959808403,1.3468935807901197,-2.3331018926151312,0.8528071556055129,-0.9947030973865679,1.3495431259511774,-1.5038145551500852
statlog_heart,-2.5416546911582913,-0.35525053699869197,-1.1338769883573236,0.9973178210330551,-0.5047257369149879,-0.268257483752168,1.749968423337151,0.4626328328979497,0.9130653353962072,-0.09381244089113373,-0.2743819678941447,0.913100470744313,0.15060235620636755,0.5403488407626239,-0.18691143423106563
statlog_landsat_satellite,-1.9984169624529462,0.5600769240827455,-0.775258443665228,1.0475083057561299,-0.8874352926254832,-4.188379646120966,2.078729631087405,-0.6528368220511273,2.620934715819239,0.15113954888017922,-2.6928491279777558,-0.38506377753531934,-1.5895696984547334,0.9448645080466996,-1.6907961898511248
statlog_shuttle,0.043889773800771414,0.7984613882053797,0.3593746444219235,0.3202110216749958,0.23577277125961962,-0.6993055280908284,0.7467388003808705,-0.004443748448411657,0.5916868945411595,-0.0607645176352771,-1.2071327458603467,0.7749601258219665,-0.11925521976094355,0.82069150440965,0.0744069607555495
statlog_vehicle_silhouettes,0.3340004126455214,4.436453636154538,1.7418776042047923,1.9059951105510085,0.45517876381431654,-3.29701020773436,1.0491303299182118,-1.745862529043836,1.980336253875466,-2.98970770931536,-2.71011179169772,1.5276402038218813,-1.219661130029859,1.944974841826905,-2.4765118022137376
connectionist_bench_sonar_mines_vs_rocks,-2.3715417239375745,1.4287369468897009,-0.6337691162605689,1.5683576031024486,-0.9585025717338332,-0.7165329234546656,8.542233840514125,2.475162187444868,4.292010654835968,-0.4002143547248556,-3.2141796841926538,1.1528570117330894,-1.663155841771266,1.994642871044172,-2.9281448528542335
magic_gamma_telescope,-1.4877508540833846,0.5544963894181008,-0.16110836857648145,0.9390487311564897,0.4499293589358395,-1.7616698869907736,1.800759477790905,0.2093921393344007,1.47893019595505,0.5890868272030707,-1.3780988751977807,-0.5583403716129706,-0.8566158655151536,0.370015492806774,-0.6334083497347094
parkinsons,-3.851389994312148,2.6982070795564486,-0.6365885950348725,2.6752077087070116,-0.756582870348918,-4.300745828907747,0.2919969238561659,-1.5900193162491816,1.9644154406409358,-0.7613090436959636,-1.021786789238278,0.4782470925097235,-0.056799866931179666,0.6836966629288329,0.3731400959350154
wine_quality,-1.6629771789313301,0.8409681941695013,-0.5493690890825217,1.0407913312249357,-0.8260982824857361,-3.0360997228881055,2.55477525924513,0.5014234238436693,2.512176231542788,1.9855947351739835,-2.7798592989398143,0.7930524260243104,-0.8030497764997312,1.4832684846142479,-0.4223424565836894
thoracic_surgery_data,-2.5188194570700437,3.131162399700922,-0.34964152900239515,2.486073989193659,-1.6612675296380635,-1.701797124195289,-0.624881390996853,-1.088370029884144,0.45225216374182925,-0.9384315744602902,-0.5949565674165032,2.736504459792994,0.5914887783659171,1.5196054225219942,-0.3670815572787398
wholesale_customers,-0.7861751384591139,2.2832890452172654,0.37668377730980945,1.3589877534296269,-0.36706257482872323,-1.0744677073435096,0.615356882816231,-0.2875785042843617,0.6947310386041826,-0.4036246883258065,-0.7077984797259186,0.8487431887398635,0.12396767280736794,0.6399430905206817,0.2309583094081589
student_performance,-3.5219426505599407,0.15360119117689125,-1.1876767330248545,1.6566883632336165,-0.19468873969151396,-1.5734365101783325,-0.5038437397458368,-1.1377287488067889,0.45859411230896924,-1.3359059964961972,-3.7482944737992057,1.0004585630046772,-1.6992904641039732,1.9925303275659012,-2.3500354815173914
diabetic_retinopathy_debrecen,-1.785170568493399,2.586214381535974,0.8855689337148623,1.911903667570414,1.8556629881020117,-2.3895543378722555,1.2202307664382928,-0.8945905227417956,1.5374881226483168,-1.5144479967914242,0.5783955913184428,16.458679572778276,10.462633503955045,7.04198748903911,14.350825347768414
default_of_credit_card_clients,-0.15683419129055565,1.5236532333374893,0.5719482680728013,0.7039319705820284,0.3490257621714705,-1.177397333417244,1.0304041251483682,-0.3034920444296095,0.9582242353370185,-0.7634829250199526,-2.9670557323200453,1.2363922257767224,-0.6283436280559115,1.7484724377937826,-0.15436737762441163
online_shoppers_purchasing_intention_dataset,-3.766328264423115,3.1451038974218464,-0.11040501743569263,2.8357506190281137,0.29000931469419083,-0.9016549977757878,0.5802415005781195,-0.08569731840077983,0.6142114466611116,0.0643215419953288,-1.3241513497405752,0.4839096823117609,-0.32474398570102886,0.7503605370386697,-0.13399028967427232
electrical_grid_stability_simulated_data,-1.0883055890738735,1.0656627110475945,0.09932842167647514,0.893168530007611,0.3206281430557045,-1.1795964717338672,2.0727290815670405,0.7786710573239216,1.408376388109875,1.4428805621385914,-1.132542286048318,1.5614104351877656,0.43052932076129585,1.141471793298346,0.8627198131444401
heart_failure_clinical_records,-1.3553112100817095,-0.6004090285180833,-1.0763557451787187,0.3382045642153708,-1.2733469969363633,0.2187706623978597,0.8189777379079044,0.6140526921664915,0.27956987128925304,0.8044096761937103,-2.103401407884965,1.0236436252897296,-0.7703678698938695,1.317568003972638,-1.2313458270863726
estimation_of_obesity_levels_based_on_eating_habits_and_physical_condition,-0.29836378861634105,2.7399999613812622,1.248656782714747,1.2410314388618628,1.3043341753793203,-0.467155959941782,3.366180896878098,1.299428596211677,1.5792811382815763,0.9992608516987151,-2.4541991688160896,0.1566213232459837,-1.2856083658916575,1.0832834625891834,-1.5592472521048666
rice_cammeo_and_osmancik,-1.5828610090838706,2.765280528697308,0.4363828813832877,1.7885744407193027,0.12672912453642565,-0.27544588811239623,1.4298599420081084,0.6680525844431725,0.7079433779197554,0.8497436994338055,0.1120270962173792,2.25210455289709,1.441177692767759,0.9474174584591594,1.959401429188808
bone_marrow_transplant_children,-2.5957822449278734,-0.6085424448206376,-1.6769027336103377,0.8181437864286952,-1.8263835110825017,0.9229782201936096,5.755423114513999,3.915648028150205,2.134635892990997,5.068542749743007,-3.851348441908264,0.8489704819603707,-0.951837292587319,2.0702031020849145,0.14686608218593633
hcv_data,-1.289704180282448,0.7321549915468225,-0.11418336261065525,0.8576127519230541,0.2149991009036598,-1.261354043385966,1.4766272627162433,-0.06519525306606165,1.1441876205316153,-0.41085897852846226,-1.9951026379492247,-0.036394256032832334,-0.8968491163961997,0.8171274008358297,-0.6590504552065419
ai4i_2020_predictive_maintenance_dataset,-2.0169810861803423,2.3750161089937074,0.04565746454680575,1.8029169969616063,-0.2210626291729478,0.2930099109075583,0.8939817429252257,0.5538210245932801,0.25167976416841287,0.4744714199470564,0.4180816782462279,0.6402683763719186,0.5076067005227146,0.0956985209467338,0.4644700469499973
dry_bean_dataset,-0.5537733610694964,0.6550087855644904,0.09614327823704967,0.4976654170432679,0.18719441021615502,-3.914303394083794,-0.37817078171079815,-2.041251079171698,1.451235025568765,-1.8312790617205017,-0.9791577853359305,-0.1434364735685226,-0.6249413972697511,0.3528543667611758,-0.7522299329048002
predict_students_dropout_and_academic_success,-0.9305869903551773,0.727703111384885,-0.17994645232546558,0.6860371180391306,-0.33695547800610437,-2.474416027290371,0.3253976368302137,-0.730401003334949,1.2423017565892462,-0.04218461954468974,1.137230299826389,1.2687468908743624,1.18967019385087,0.056899284621900505,1.163033390851859
glioma_grading_clinical_and_mutation_features,-1.9262296069114742,3.5876662904062204,1.6338270263009003,2.521337299824588,3.2400443954079545,-1.9427572397253854,-0.790757442335703,-1.3059204595351577,0.4781068651439888,-1.1842466965443845,-0.071303165757207,1.2866197490398092,0.4067582039312249,0.6229345585524775,0.004958028511072474
sepsis_survival_minimal_clinical_records,1.2895840156442648,3.96922809056199,2.6586682301583755,1.0947425624558058,2.7171925842688713,-1.03816587369155,0.49456333654888385,-0.210670092968928,0.6316780666725006,-0.0884077417641177,-0.9415657242620371,0.34527308182186506,-0.10277998891342315,0.5935725395758202,0.2879526756999027
raisin,-0.9310901263152233,1.7916585021766323,0.2650828222699522,1.1358446188151803,-0.06531990905155223,-0.1009067432568358,2.272026291747184,1.1874189156826707,0.979397315099614,1.3911371985576637,-0.46476939005098367,1.9554441750095082,0.47497529044504777,1.0594481027952811,-0.06574891362338099
cirrhosis_patient_survival_prediction,-0.7394582179801549,2.9415003156678203,0.6422684537335509,1.6368110789316765,-0.27523673648701275,-3.23591784688114,4.2766701070691715,0.24863718719650926,3.0909837269841236,-0.2948406985985037,-2.6954774546685356,1.2190412176766128,-0.7905629428088569,1.5998091658969307,-0.8952525914346481
support2,-2.481292150193945,3.5535828937360554,0.7606935123123204,2.48410880078737,1.2097897933948507,2.1266019793857076,4.0819582531932035,2.846345591762985,0.877665538500733,2.3304765427100445,-1.1958597246779266,0.581755020805606,-0.5826009356254652,0.8237150040152103,-1.1336981030040751
national_health_and_nutrition_health_survey_2013-2014_nhanes_age_prediction_subset,-0.48145712145026637,0.9986902447432533,0.05718702654810245,0.6680472185119177,-0.3456720436486796,-0.8330743420362489,1.3183438190602972,0.5958138293548944,1.0103980854428285,1.3021720110406347,-2.2954680410483803,-0.2949059733212526,-1.1190999452054966,0.8538470225579782,-0.7669258212468568
aids_clinical_trials_group_study_175,0.8087806730065941,2.359458536798336,1.4114148072504447,0.6785431947486252,1.0660052119464036,-2.5347751354830605,1.277678417570839,-0.20640064977412767,1.6669986180060485,0.6378947685898384,-2.614082829684302,0.1732436436712452,-1.5175921142727156,1.213048979350319,-2.11193715680509
national_poll_on_healthy_aging_npha,-1.5238075860928733,-0.7671938264282159,-1.2573554225698158,0.34703556783165107,-1.4810648551883587,0.8992667689215257,3.7071455459150777,2.686258201232699,1.267867609120096,3.4523622888614947,-1.4900887624331187,0.7431245495425278,-0.40011098702112874,0.9124829554713064,-0.45336874817279527
regensburg_pediatric_appendicitis,-0.9754132940612481,1.6768519425194774,0.40689918068623165,1.0856937106778872,0.5192588936004654,-1.8404060521301082,0.5376922632697229,-0.8250909802000899,1.0014617639902799,-1.1725591517398843,-0.1404214669964477,1.5110458606623007,0.6222307970757494,0.6800852263096915,0.49606799756139514
olivetti_faces,-18.9552178745785,20.71023028925571,4.247146916961914,16.87997590925032,10.986428336208535,-32.927137777731794,25.873421395488805,1.6142953714579822,25.082142646817147,11.896602496616934,-12.589823213177743,8.443181919029923,-4.267962071536291,9.130395360872654,-8.657244920461055
credit-g,-1.7729989179635937,1.1117105266190108,-0.5053228649095802,1.2033079565308153,-0.8546802033841578,-1.6566333020107364,1.6210529638764786,0.15390783348195294,1.3599626040531292,0.4973038385801166,0.5410769826409111,2.6664529116816014,1.462623340143766,0.8903439671014169,1.1803401261087851
blood-transfusion-service-center,-0.60433924471115,0.2816741715792776,-0.10845781267845166,0.36936174927406135,-0.002708364903482562,-1.0031304765809435,-0.04286796893314192,-0.5016794871888363,0.3931832603020342,-0.45904001605242345,-0.5384187886941394,2.30714563196711,0.5071858316132434,1.2783056549668967,-0.2471693484332406
monks-problems-2,-2.099739212498225,0.35894001590722246,-0.6642462523098874,1.0452347402158981,-0.25193956033866,-2.035507704338673,0.5202621950339752,-0.5591135694840366,1.080496069535773,-0.16209519914741155,-0.5046616706590809,2.1456272672011347,0.7881418015937518,1.0829421910500103,0.7234598082392015
tic-tac-toe,-2.92804693661694,-0.4708451861618402,-1.6938371970616624,1.003179774080745,-1.6826194684062068,-2.3395894250962317,1.9978610463427855,0.05259160937609838,1.7987341159892463,0.4995032068817413,0.38059719642848966,3.208081290456024,1.4135058568121739,1.2737788349660213,0.6518390835520076
monks-problems-1,-2.0132341634683306,1.7601386085120878,0.14617365929285567,1.5880210882949202,0.6916165328348098,-2.3434573235577436,-0.03944105127876145,-0.8259514497587938,1.0732780113385136,-0.09495597443987654,-0.4719309579256547,2.0137848423939917,0.4485378900382179,1.1125046405647319,-0.19624021435368325
steel-plates-fault,-0.5907445055812214,2.5368687663086087,0.7971222398697216,1.3008601589785236,0.44524245888177755,-1.5394773832078485,-0.9377390634022309,-1.2399308489805334,0.24566576127827874,-1.2425761003315208,-2.5917329060109,2.047463287189038,-0.9853319354072654,2.1457688212446517,-2.4117261873999345
kr-vs-kp,-2.2257551053540863,3.583625269884001,-0.26634079985259085,2.7224822700358926,-2.1568925640876873,-1.6359132978178992,3.615931556193367,0.9444134585342782,2.145026105233247,0.8532221172273665,-0.8938850607097717,4.282339277228205,1.4446903051212983,2.1424488243637216,0.9456166988454606
qsar-biodeg,-2.4809195526264656,2.521639596210074,-0.02199349916180064,2.043164371200311,-0.1067005410690105,-2.545210852141072,0.7179452775434606,-0.9715406776037,1.3346927119386258,-1.0873564582134885,1.0896208749122391,2.9269751786516327,1.8863356838720557,0.7696718558934145,1.6424109980522954
wdbc,-4.360913473530613,-0.2043688268208629,-2.198370990527969,1.701082053565524,-2.0298306712324306,-2.3866842405077056,2.4466093624640854,0.6468076587004128,2.15741749736173,1.8804978541448587,-2.1231848752481075,0.6519902596945976,-0.5851250148891317,1.1527720185655796,-0.2841804291138848
phoneme,0.4168090800502712,1.80318371737961,1.2790335474082477,0.6143990731723715,1.617107844794862,-1.2748606237901399,0.03893569782612937,-0.404349285954227,0.6155793812189254,0.022877068101329657,-1.4553609560231513,3.015486775300879,0.6434035616672145,1.8354195145044117,0.3700848657239155
diabetes,-1.7100872311305444,1.8832457645767997,-0.23072055420806592,1.5340682369870169,-0.8653201960704531,-0.7003581809283421,1.0162574597503355,-0.016359780782244055,0.7428968687330151,-0.36497862116872565,-2.0481848646015397,0.8064452570101106,-0.5065417946321492,1.1765602304574267,-0.2778857763050183
ozone-level-8hr,-6.7117946613375965,6.052267195993733,-0.8023713320496345,5.253595124827302,-1.7475865308050405,-1.246485050299854,1.898260674777277,-0.18924676568391563,1.4761317283048265,-1.21951592152917,-3.2306607276975363,10.563334288310912,1.9615733104344641,6.125750571157184,-1.4479536293099835
hill-valley,-4.293762854742243,0.9855839123811899,-1.0955443257748463,2.2954728794234565,0.02154596503651481,-4.461937498020372,-0.008022799828166437,-1.827193214013753,1.9075655668144644,-1.0116193441927204,1.0571231402384405,18.623209231251508,6.929817086906348,8.268504127936447,1.1091188892290929
kc2,-1.3024442898515487,0.1984586043318177,-0.503977586988138,0.616492102573085,-0.4079470754446831,-1.515692772161852,2.9450260528297068,0.16431907511267618,1.9804293198771146,-0.936376055329826,-0.7896168315206719,-0.5187895159792485,-0.6134051497312268,0.12471379234696497,-0.5318091016937602
eeg-eye-state,-0.24553176748354585,0.054514078525589364,-0.047070472320258884,0.14034648818547668,0.04980627199717982,-0.2089617005602183,0.26532612486712887,-0.03160742153427989,0.21128438375278488,-0.15118668890975023,-0.21754272928845078,0.28298061156662363,0.08626682995086543,0.2179189954605108,0.19336260757442347
climate-model-simulation-crashes,-1.1370956039613782,0.39668506052980484,-0.16117121074359395,0.6924384437774153,0.2568969112007915,-2.0762614178391354,0.3142922413586844,-0.656582351652866,1.0262409693414274,-0.20777787847814733,-0.012746412517718776,1.8708491564259908,0.6210928983118515,0.8837414144044441,0.005175951027282705
spambase,-0.9375764776036811,-0.05201647173735608,-0.604729898508341,0.3935396668084936,-0.8245967461839858,-1.2138595695760879,-0.3209230277126597,-0.6355529416321509,0.40945327294479034,-0.3718762276077053,-1.6775289339543378,3.1814107567890852,-0.01113228849334543,2.2581948328752035,-1.5372786883147838
kc1,-2.3536415669363926,0.8912997008685094,-0.5940081860620142,1.3388681327515606,-0.3196826921181595,-1.856773734857941,0.08406033402472014,-0.5848397017780518,0.8997950589395047,0.018194295499065545,-0.7371258296514851,0.30441735807759107,-0.2909624912492876,0.438103662257852,-0.44017900217396877
ilpd,-0.782942077331704,1.402558978850701,-0.039720440524697066,1.0200049196517564,-0.7387782230930882,-0.35858371784034077,1.3047992075526753,0.32526030755014484,0.7105337351954195,0.029565432938100173,-1.4211394272545526,0.732993151204507,-0.6534671887936487,0.9822578844504893,-1.2722552903309006
pc1,-2.170488425039354,0.6837011085482806,-0.34587398340929737,1.293745247735176,0.44916536626318143,-1.5442508929300025,5.57494992453375,1.050345619050966,3.2108620474962226,-0.8796621744508497,-1.2844554930156782,3.1908099500996094,0.916845863367393,1.827741794468758,0.8441831330182485
pc3,-3.393612735074207,0.45698744959495,-0.8392781912176397,1.8062545906097593,0.41879071182633776,-1.3560448896055284,0.4375646079271199,-0.20591929576370535,0.8151781437449218,0.30072239438729254,-1.5813120501355065,0.7125826342935846,-0.34753364602732023,0.9444953169962399,-0.1738715222400388
SpeedDating,-5.1999808485119114,4.703144766447204,-0.5005247775169376,4.058624369262535,-1.0047382504861055,-4.528375792403238,0.9206914990512696,-1.560887427210396,2.250950106633737,-1.0749779882792203,-3.4923171851506285,-0.11335007842861432,-2.1723507805253837,1.4751233726272428,-2.911385077996908
mnist_784,-5.019906674771405,2.270852487776903,-1.7175848074499935,3.015720817856318,-2.4037002353554793,-4.238704854821287,7.031041494819252,0.5349558240346092,4.759331646770348,-1.187469167894138,-11.749243238832813,4.4642963824941555,-3.4000486022168546,6.628022638856888,-2.9151989503119076
banknote-authentication,-0.2422075837967721,2.1584496970956,0.6930867924406879,1.049291293743662,0.16301826402323621,-1.1517883985339072,1.6357474607813192,0.4362107191345876,1.1706882035596058,0.8246730951563509,-0.8350718932034105,1.4466658957219984,0.2362236552894391,0.9366974558738721,0.09707696334972934
Titanic,-1.2521795922110561,0.057140458027733675,-0.4969161473838029,0.5531382543632729,-0.2957093079680864,-0.8613828326037181,2.907976492671061,0.7902249950418895,1.5737396802009098,0.32408132505832565,-0.4501805952648901,1.9375600698304034,0.5641901398589342,1.0073022344736364,0.2051909450112892
Satellite,-5.671285001804043,3.0966401376216073,-1.3393154480012013,3.580245581311737,-1.4433014798211679,-1.9033794499693715,4.275011702669147,0.7777486480578296,2.5874938337149587,-0.03838630852628694,-0.832354287769103,4.661541377587931,2.5467212519560825,2.4144673269695796,3.81097666604942
bank-marketing,-1.3145289561485107,1.0083578059673215,0.13679035526739913,1.033129515083816,0.7165422159833866,-2.804968641499947,1.0617689751265127,-1.0992840950856777,1.611093897182479,-1.5546526188835987,-2.9137587211931733,1.2272055997502826,-1.3753114322963125,1.8504197164511498,-2.4393811754460466
one-hundred-plants-texture,-1.6830186112656276,3.0783800650887145,0.8587582738974144,1.957135196697148,1.1809133678691563,-1.6871795554874367,5.727263547784258,1.6490673704686218,3.072063166842774,0.907118119109045,2.1360252637316375,4.888710376052147,3.521179539640675,1.1238480831834101,3.5388029791382385
arrhythmia,-2.658060655226309,0.9391617896849195,-0.9206578333157789,1.4711088186433028,-1.0430746344059472,-5.3958493440252,8.226434719734227,1.1142905801548686,5.577542026434069,0.5122863647555779,-4.810330636201111,2.634822509908234,-0.9100732175736731,3.0498401915407336,-0.5547115264281428
amazon-commerce-reviews,-7.386545703146531,14.137323392371789,0.9659125503888285,9.424647234690237,-3.853040038058772,-10.373514403028182,13.421519948435183,2.978308748427627,9.929616728417772,5.886920699875881,-3.8173232741200827,0.4343797833252209,-1.8021894202897542,1.742798502939668,-2.0236247700744006
one-hundred-plants-shape,-1.3473930211687126,2.6760503574076613,1.3108518867525218,1.8798937863342924,2.6038983240186173,-0.8788706018175032,2.252059468436113,0.5309416099408718,1.2970130249852985,0.21963596320400575,-1.3395060695041259,3.3525173126836885,1.747440152182853,2.1833800693152843,3.2293092133689973
Bioresponse,-7.69525584302374,5.925545673558877,-1.1269617016753157,5.571200070029043,-1.6111749355610832,-4.04189158945931,0.31092357019966643,-1.4280346428318367,1.8816368404618933,-0.5531359092358655,3.664971227551496,12.011954448465028,6.470327287579239,3.9186236423516685,3.7340561867211943
make_classification_500_10_8_1_4_2_1-0,-1.4738821874428913,0.8609536055190644,-0.28955555582369147,0.9534926187429716,-0.25573808554724753,-2.807821219297786,0.9004961326700285,-0.853187909684245,1.5205678438739967,-0.6522386424249776,0.8629207193283585,1.4042767177774769,1.201176371364958,0.24078593085001798,1.3363316769890388
make_classification_1000_20_10_10_5_2_1-0,-1.5036728409186775,2.232300785663287,0.8588292145122672,1.677897634691548,1.8478596987921927,-0.5166361585216557,2.4662837841811305,1.149053948918577,1.2424495340812587,1.4975142210962562,-0.13632543806284667,1.539045389375918,0.6439878107792437,0.6887629240245802,0.5292434810246598
make_classification_2000_30_5_5_6_3_1-0,0.0860100889916021,1.2674325779104156,0.6640813049420099,0.4826448558328756,0.6388012479240119,-1.743030990633041,-0.1717443658330621,-0.8039648387674673,0.6771760565406285,-0.49711915983629906,-2.678415436876649,0.37548724614150086,-1.2128353259339135,1.2497678939600594,-1.335577787066592
make_classification_500_40_10_5_5_10_1-0,0.23850888273744927,2.0517403014878575,0.8450173356980706,0.8532858608711654,0.24480282286890484,-1.89284469560636,-1.0939990238727628,-1.3616677741520473,0.37560264377742025,-1.098159602977019,-1.1412079129467696,0.1830484640770567,-0.6483758207483579,0.5912682655123862,-0.9869680133753606
make_classification_1000_50_10_10_5_2_0-7,-1.5639470973105263,1.0842027119281057,-0.6740949987911082,1.2433349479134626,-1.5425406109909041,-0.760077056535562,6.389001234199496,2.3774819431295002,2.983307453702939,1.5035216517245669,-2.317663191694302,1.6594259846089603,-0.16147623141519704,1.6408577988082371,0.1738085128397504
make_classification_2000_60_5_5_6_3_0-7,0.9386827103107637,1.7266070675197225,1.3794800432912002,0.32841720745320985,1.4731503520431148,-0.9419711898466707,0.4064540444630148,-0.30710601035290536,0.5532975785730856,-0.38580088567506016,-3.2606885365465716,1.6136836082156372,-0.42840191900760666,2.066912233866507,0.3617991713081146
make_classification_5000_50_40_5_30_1_1-3,-0.704264812482751,3.21057852605007,1.1891414091018453,1.6007901223956897,1.0611105137382164,0.04436090224067655,1.5585088328226344,0.8275962749310631,0.619254523133937,0.8799190897298786,0.28298416102844115,1.8667095469636603,1.1240110896909792,0.6502809089044078,1.2223395610808363
make_classification_10000_70_50_10_50_1_1-3,-1.6239908670349956,-0.3849618290985453,-1.0327438692482336,0.5074087093416673,-1.0892789116111599,0.8499390982901727,1.1480572870398353,0.9808224287307441,0.12439102003930105,0.9444709008622245,-1.3279331456186636,0.2905118771232038,-0.45545850726719433,0.6667551112725802,-0.32895425330612327
make_classification_20000_50_30_5_15_2_1-3,-2.326670138395414,0.48656512919660955,-0.4545478557042198,1.3237967875609338,0.4764614420861449,-4.340135115946926,3.4488756535453264,-0.421254105231427,3.1800371806254892,-0.37250285329268157,-1.7635293126737397,0.1255243875902015,-1.0933839336998123,0.8633217035631535,-1.6421468760158988
make_classification_60000_30_10_5_20_3_0-9,-2.714411329507582,-0.5557144294732175,-1.4745408733279344,0.9100531193074248,-1.153496861003004,-0.9582755903129849,0.8260851177942983,-0.13422117727231014,0.7348057410753711,-0.2704730592982438,-3.4247416722076225,-1.4057760926154041,-2.262339101200547,0.8521380488126579,-1.9564995387786133
make_circles_200_0-3_0-7,-1.2927571049706568,1.170032237542829,0.31245342519927993,1.1359424062643693,1.0600851430256675,-1.7315681280615678,1.746374735163982,0.12481578526566661,1.429540418585038,0.3596407486945857,-1.2895482174241657,0.9766111448602607,-0.30061034876992815,0.947347226078976,-0.5888939737458794
make_circles_800_0-2_0-8,-0.8936685416864801,0.050284341929039814,-0.5185735210830769,0.40899860712496466,-0.7123363634917902,-0.964688372920041,0.5627097554397885,-0.4345260114824563,0.7056223896733793,-0.9015994169671162,-0.7055168745598801,1.3244597005920782,0.5913946462411745,0.9196533231650064,1.1552411126913256
make_moons_500_0-3,-1.268366118778768,0.6839435601854428,-0.0752677150514443,0.854038172779411,0.35861941343899234,-0.6598774655331636,0.7700603897884987,0.0583604089662777,0.5837879898049633,0.064898302643498,-0.06581336072980264,2.4614165596346638,1.0371286207565176,1.0564627098152901,0.7157826633646922
make_moons_900_0-5,-0.418336309350264,1.0678254049008666,0.20042220604506855,0.6316841479654903,-0.04822247741539696,-2.0967259599836185,1.5770914030033805,-0.3254688935068119,1.5027006594371097,-0.4567721235401977,-1.6903487176664314,-0.0796780273318222,-0.7196427877807499,0.6979051077073612,-0.38890161834399595
make_hastie_10_2_1000,-0.07100129337989643,1.3355753358340379,0.6394756394728189,0.5743224890596791,0.6538528759643155,-1.277575332700391,-0.10615038419851912,-0.6544935785102556,0.48114342403811083,-0.5797550186318564,-1.0129942168860555,2.103851806924889,0.38494341509937,1.2925295497694351,0.06397265525927658
v0_2___lung_cancer,-1.1421290407987175,0.29032718462954454,-0.32970153836527233,0.6004141221907601,-0.13730275892664412,-1.8309220295050492,0.4119700780525649,-0.8224392760602305,0.929488523580971,-1.0483658767282071,-2.4698842361434155,-0.2520720753335533,-1.4345744868960424,0.9113806211964302,-1.5817671492111585
v1_2___lung_cancer,-1.9251224935052285,-0.5624591361595376,-1.1641242995528784,0.5675991057859389,-1.004791268993869,-2.1615801742646967,-1.4265176222183777,-1.8005679213723962,0.3002296141766097,-1.813605967634114,-0.4717995393775336,1.1660267438810135,0.3806456729193588,0.6703192934827905,0.44770981425459644
v0_2___connectionist_bench_sonar_mines_vs_rocks,-1.7080890919658653,0.7941349102015606,-0.46400463527364383,1.0215770156629458,-0.47805972405662667,-0.3686165077188559,5.489479800177505,1.6395264208533595,2.7231749105925993,-0.20228402989857047,-2.495161786929913,0.3388847202284646,-1.3690301498089248,1.227954586228971,-1.9508133827253256
v1_2___connectionist_bench_sonar_mines_vs_rocks,-1.8016718875633553,1.3748179493770367,0.23140706533633057,1.4413313002468353,1.1210751341953102,-1.3322077252899478,6.422076941058192,1.9686783239240855,3.2688883519325813,0.8161657560040121,-2.284134688298604,-0.7818723791602715,-1.7244417903863205,0.6703948238164772,-2.1073183037000858
v0_2___student_performance,-2.3894971583098954,0.08512864734404171,-1.0546593513101585,1.0196327902089137,-0.8596095429646219,-1.3645861747385433,0.11594001138149843,-0.6000696495124321,0.6053947108359936,-0.5515627851802516,-2.3770974984546362,1.6512335145567576,0.13695948986379683,1.7900720969398878,1.1367424534892692
v1_2___student_performance,-2.49367696714233,0.12544670483800066,-0.8278468815209677,1.1820133669204036,-0.1153103822585738,-1.7261522439608117,-0.5213735605251524,-0.9239257981489072,0.5672609767019987,-0.5242515899607579,-3.2906999980768528,-0.22710935712077213,-1.893750659154767,1.265160653846983,-2.1634426222666754
v0_2___credit_approval,-1.4240004496682805,0.26102436684075403,-0.6230174961294496,0.6904111069451172,-0.7060764055608224,0.6051606498361269,3.101007257832736,2.227675764310796,1.1484103929896392,2.9768593852635243,-0.8119961389905801,1.1858350404759657,-0.018922656915803488,0.8660043399691283,-0.4306068722327961
v1_2___credit_approval,-1.8755161121033093,-0.4162092773021312,-0.9727414996629188,0.6441050401088242,-0.6264991095833159,-0.9680429805306234,-0.13658588573314068,-0.42173875671889816,0.38641967421823675,-0.16058740389293052,-2.239462970990631,-1.009716316674171,-1.5624624026897191,0.5096721761594307,-1.4382079204043556
v0_2___qsar-biodeg,-1.927738269133564,0.5968675453842721,-0.44175177948129335,1.0781192465806024,0.005615385305412056,-1.9742100687063455,0.39821104350405995,-0.39974007493506597,1.113352791115122,0.37677880039708744,1.7857119733664253,3.8432176193370853,2.5377511440272706,0.9266584077384548,1.9843238393783023
v1_2___qsar-biodeg,1.3191829156207657,2.8310151889666795,1.9278073407567378,0.651405531930789,1.6332239176827685,-0.12075843530756772,1.9095658932149302,1.200567123270405,0.9351514286667502,1.8128939119038523,-0.7123886654932541,-0.03682270815433764,-0.45916645338090384,0.30060928173848167,-0.6282879864951197
v0_2___spambase,-0.5612845888178754,0.08769551648472093,-0.17314355692627048,0.27981915081517933,-0.045841598445657036,-0.9350599928732346,-0.059975583269276385,-0.576646871081777,0.3743682824147322,-0.7349050371028202,-1.5580472159248062,3.638571293278601,0.42544723827199143,2.2927716413313144,-0.8041823625378206
v1_2___spambase,-1.1157081811353702,0.08752459678000359,-0.6648626566955342,0.5354984221731298,-0.9664043857312361,-1.079960648650133,0.09327101020676247,-0.46691978172576304,0.48042549138307833,-0.41406970673391846,-1.4161083773345107,0.8913905356945601,-0.3683170510049914,0.9538760172630754,-0.5802333113750235
v0_2___bank-marketing,-1.2297748815229483,1.1808936162238606,0.1758719671632709,1.0241113430477244,0.5764971667889004,-2.443312155218247,1.414459423917284,-0.7322925174011029,1.6047839666514485,-1.1680248209023458,-1.6824102627176565,0.7866171154475166,-0.6417581491409599,1.0445959282278083,-1.0294813001527396
v1_2___bank-marketing,-1.1683704574517784,1.8119709577126368,0.307607303975278,1.2168848362102707,0.27922141166497577,-0.9927541655732951,1.27995879344527,0.17353635789992372,0.928796421715342,0.2334044458277963,-1.5024232118813523,2.820876276484955,0.6004367265956243,1.7669367731174395,0.4828571151832702
v0_3___credit-g,-2.424186606270042,1.339044000832795,0.07766469421515865,1.7690966105588513,1.3181366880827226,-1.248187378742331,-0.7642286196997445,-1.0676914967954483,0.21586211885593037,-1.1906584919442695,-0.2830077085386652,1.9523514226460188,0.8559340076231442,0.9130767943180544,0.898458308762079
v1_3___credit-g,-0.5477774105489434,-0.5309465558652567,-0.5369013517739766,0.007702100946922151,-0.5319800889077299,-1.8149218672998737,0.8247093805761943,-0.3500015817358512,1.0969896291420198,-0.059792258483874205,-0.3111769682405285,1.0945385367654203,0.49513265949673274,0.5922363783276651,0.7020364099653066
v2_3___credit-g,-2.2304883071903534,0.30030477596360783,-0.6845590858895808,1.1067442223669743,-0.12349372644199684,-0.26447337854465947,2.000722809635062,1.0882417398688287,0.9757502945348434,1.5284757885160833,2.0230554035274473,2.584917340538997,2.2482492993432377,0.2425449413775221,2.136775153963269
v0_3___hill-valley,-2.504758218512581,0.986964572981305,-0.5007164463104762,1.4715079189998834,0.01564430659984753,-2.597867333600842,-0.0070830488674676504,-1.2056727023274993,1.0665061237770508,-1.0120677245141887,0.8445438420348294,10.832038411346502,4.247628799115135,4.656760810127683,1.0663041439640728
v1_3___hill-valley,-2.4678585100472916,0.9866962841651361,-0.49110280388557787,1.4537779487990572,0.00785381422542195,-2.5599573043995787,-0.0011367823914471302,-1.1912971478244125,1.0522316752315366,-1.0127973566822117,0.5679836929215635,10.3813767628155,3.99988759733701,4.5166883735225625,1.0503023362739679
v2_3___hill-valley,-2.4747072499756455,0.9859376563622038,-0.4973027143289231,1.4553726804236367,-0.0031385493733276444,-2.5596929378760156,-0.004591922584027214,-1.1927836389535456,1.0507426834773317,-1.0140660564005937,-0.18083618168562668,11.03127582837999,3.9705689677800446,5.018359045635736,1.06126725664577
v0_3___one-hundred-plants-texture,-1.4539404515671848,0.4427126690168659,-0.5060941333172085,0.7743056919385095,-0.5070546174013069,-2.5211129905286613,0.3350572062525991,-0.8366158803255335,1.2211110808468855,-0.3237918567005378,-1.3475686165880887,1.2064320652239697,-0.25082304854958554,1.0733763614870244,-0.6113325942846376
v1_3___one-hundred-plants-texture,1.1575095867512923,2.038109507982372,1.5256064076901712,0.3737235479652022,1.3812001283368498,-1.9970333120826746,4.518742209592846,1.0916600792655027,2.6707942471878297,0.7532713402863365,-0.7046216288569925,7.679897876395381,2.7219451383697257,3.5901623990342673,1.1905591675707885
v2_3___one-hundred-plants-texture,-2.574264373047657,0.9991510294937622,-1.0555938329892118,1.5072836868911468,-1.5916681554137406,-2.8596178749011325,-1.0942735808603368,-1.6972007134670528,0.8221443256888382,-1.1377106846396894,-0.6504924737276803,2.715033743029952,0.5214890925233039,1.5522854183979167,-0.5000739917323598
v0_3___one-hundred-plants-shape,-0.8576192215425129,2.090655853170237,0.8272123444207176,1.2399616661050124,1.2486004016344285,-0.029991508238239064,1.4192042871668542,0.4838296561344098,0.6624815002672999,0.06227618947461446,-0.9795695557018044,2.7124419884848505,1.0867978519494474,1.5391372175950118,1.5275211230652956
v1_3___one-hundred-plants-shape,-0.6044988451646183,1.7031944785319102,0.7236887414801211,0.9738399571575928,1.0723705910730712,-0.9969720310928926,1.457712676743623,-0.12010329679880023,1.1179935980374254,-0.8210505360471312,-0.6099748419581437,2.0981201587530838,0.9350280923412893,1.1380792492843084,1.3169389602289274
v2_3___one-hundred-plants-shape,0.5471991646859781,1.7428386348733231,1.1826608093037618,0.4910119996669008,1.257944628351984,-0.7175862206177329,1.0984875435526062,-0.009478254712392442,0.7934925724506309,-0.40933608707205066,0.4596221883273121,2.1157707024312713,1.3447400176469209,0.6809155026400582,1.458827162182179
v0_3___ozone-level-8hr,-2.4526088050992674,2.413657712487855,-0.6888571291756068,2.200659380807431,-2.0276202949154083,-1.493815952740804,1.2272316225296191,0.14486928562118598,1.1784584152562871,0.7011921870747427,-2.2774223977945196,6.108938196326972,1.6720572717138051,3.4410202935821976,1.1846560166089637
v1_3___ozone-level-8hr,-5.254815346160349,2.130958360091923,-1.7420542666818701,3.025970829666446,-2.1023058139771846,-2.5303359208238287,0.7473679727526227,-0.4100319643207795,1.5013824332853782,0.5528720551088676,-3.3958537682967145,4.834322446187827,-0.21872277925510084,3.612316043493114,-2.0946370156564154
v2_3___ozone-level-8hr,-1.4616699116363807,5.1282372423995835,1.624395368776371,2.706488750648399,1.2066187755659104,-1.1167091982906259,1.8671022648141467,0.20679193492058956,1.2411991615815767,-0.13001726176175216,-1.3046908122158223,6.557479745913802,1.6786111055991328,3.478343606839928,-0.21695561690058088
v0_3___kr-vs-kp,-1.653251196547451,2.275579881660478,0.3326806502506953,1.604227179415578,0.3757132656390588,0.19321012917831198,1.4753474154033948,1.04092307836133,0.5994856756010113,1.454211690502283,-0.37375962101155846,0.2355856108274117,0.025105887365770768,0.282184698214895,0.21349167228145907
v1_3___kr-vs-kp,-0.4733774767600349,3.4659480396506335,1.8017573535948594,1.6652349066825543,2.4127014978939796,-0.2692589912860562,2.081583210993471,1.0417315612234301,0.9786902790425842,1.3128704639628754,-0.5415941072652943,1.883765051480925,0.2777710072533844,1.135687916938371,-0.5088579224554773
v2_3___kr-vs-kp,-0.13692644823113082,2.3751046453555897,0.9212961970137029,1.0629961271474069,0.5257103939166496,-2.2152197845417554,0.2250140323948457,-0.6827738058821541,1.0897503122550385,-0.05811566549955279,-3.4518161033193366,1.3496549839867138,-0.769607002405729,2.000202196590762,-0.20665988788456427
v0_3___optical_recognition_of_handwritten_digits,1.226258239588771,5.421932250035565,3.6817199687020365,1.7859836561209221,4.396969416481774,-1.6063324521895617,1.0214070915321731,-0.3331827942843131,1.0743147150475052,-0.41462302219555075,-2.9491088694919045,0.1181241303304379,-1.0652040587403742,1.346621765984289,-0.3646274370596562
v1_3___optical_recognition_of_handwritten_digits,-0.7839658296720228,0.43482407534192136,-0.11718636590224414,0.5041436002698625,-0.0024173433766309965,1.2559168314793743,1.946764784105741,1.522202990404793,0.303431602215621,1.363927355629263,-3.1388023935446587,1.5431634203541744,-0.17821801535659834,2.1026838278911733,1.0609849271206893
v2_3___optical_recognition_of_handwritten_digits,-1.4031620362876855,0.7669092184052904,-0.6475317708686054,1.0009415534088444,-1.306342494723421,-3.024818095258987,1.1911075472676411,-0.5609861067508907,1.7932160770368,0.15075222773867383,1.3270837979059606,2.5909768823213497,2.0956052136242134,0.5509473782685822,2.36875496064533
v0_3___support2,-3.2306245971884806,4.049956684540459,-0.040736876185002435,3.0397702019092794,-0.9415427159069856,-2.0440638402830515,5.709250945935153,1.0622026174801087,3.3475343287597066,-0.47857925321177597,-1.3266565392830914,-0.029808345416919842,-0.6145622590048379,0.5370384754839015,-0.48722189231450247
v1_3___support2,-2.3914016424309734,0.582124864909486,-0.9667465150351191,1.2171105757796563,-1.09096276758387,-0.32888677539167155,1.1258100406863816,0.16646147243820786,0.678482586211376,-0.2975388479800864,-1.5028780147175862,0.4144489575356101,-0.7928174925893323,0.8580776890851971,-1.2900234205860206
v2_3___support2,-1.7935304420571756,0.9013882223090247,-0.2680155468698296,1.1286446155862064,0.08809557913866214,-0.21910508011888394,2.0988002357115794,0.7683078153690315,0.9768824335847313,0.42522829051439903,-0.563842184251044,0.6933168518201519,-0.0685092892844491,0.5467334500904706,-0.3350025354224552
v0_5___olivetti_faces,-8.088349792705616,9.028588782813816,1.7921489634886025,7.233748788180485,4.436207900357607,-15.060362902944547,10.491840290801024,0.6525391157390702,11.228035214475717,6.526139959360734,-5.916849903277484,2.995271903879093,-2.487760498882012,3.9175238911673413,-4.541703497247645
v1_5___olivetti_faces,-8.07767153843967,9.109528587830196,2.1692492140815434,7.395961508416644,5.475890592854104,-15.673659658968804,11.062262252577764,0.24549420957599585,11.495742282822391,5.347880035119027,-5.940348907972347,3.97804326863022,-1.9062436523808548,4.255271631636367,-3.7564253178004368
v2_5___olivetti_faces,-8.143578463125209,9.842529355450523,2.1084946640978197,7.555589841909453,4.626533099968145,-13.659786637065107,13.0857320360665,1.8550162216023827,11.331247169529082,6.139103265805756,-6.191044834304917,3.3658989188416926,-2.185963677294536,4.052011277585505,-3.732745116420384
v3_5___olivetti_faces,-8.37619377634257,9.098836175206781,1.835595753923057,7.4325690640560795,4.784144862904959,-15.338953092925518,11.396037698891277,0.051060288560307754,11.283074940387031,4.096096259715165,-5.2723257115142586,4.01245132311731,-1.6366818513347852,4.049063723852135,-3.650171165607407
v4_5___olivetti_faces,-9.617615431817942,9.24394244470255,1.5324393478976088,8.074953854950445,4.970991030808218,-13.913251729080763,11.586106088018806,0.7885336422673355,10.76991090020142,4.6927465678639635,-4.9947396209247135,4.280225923872844,-1.5415028313686066,4.140335099798282,-3.9099947970539497
v0_5___cirrhosis_patient_survival_prediction,-0.5064506420957281,0.06542034124542034,-0.1526442828409171,0.2524261864345087,-0.01690254767244351,-0.12379282768596415,0.02040421301699926,-0.05674017167672508,0.059299122409211466,-0.06683190036121035,-2.4418602773179274,-0.048426606962300785,-1.0006419569811127,1.0364921972154844,-0.5116389866631094
v1_5___cirrhosis_patient_survival_prediction,-0.04182899268738557,0.0084504464445432,-0.022911303797305983,0.022333032292253956,-0.03535536514907559,-0.31826272569029185,-0.04546350849056616,-0.17899527758646774,0.11144363818079289,-0.17325959857854523,-0.3014072030447858,-0.10165840386189996,-0.2024097245088562,0.08155653525975716,-0.2041635666198828
v2_5___cirrhosis_patient_survival_prediction,-0.25753955801883394,0.4408133992108776,0.08551430325443193,0.2852328552220746,0.07326906857125219,-3.7158161439772894,3.344462460826343,-0.3529472189275797,2.8920375322346157,-0.6874879736317921,-0.589551308820842,0.11391508299681417,-0.3447775519627086,0.3245891823113804,-0.5586964300640979
v3_5___cirrhosis_patient_survival_prediction,-6.780568613037536,11.548431948953027,1.7938539327926943,7.5291717384661085,0.6136984624625921,0.3403614870762889,0.7322742678022618,0.5052527965406037,0.1659197088510266,0.4431226347432607,-0.130311870091729,0.18687149295731365,0.053377349674678644,0.13426585747733,0.10357242615845129
v4_5___cirrhosis_patient_survival_prediction,-0.0595174465443279,0.4076061412295672,0.14816769932481297,0.19418189806055786,0.09641440328919959,-0.08914042672782839,0.6096570488720923,0.21240845142739806,0.2931988007936681,0.11670873213793026,-0.40112302524296883,0.5133472057421328,0.010832133090455295,0.3787829408341786,-0.07972778122779807
v0_5___arrhythmia,-1.4491579682186018,-0.63423923134511,-1.1656078874915323,0.3760174390184847,-1.4134264629108848,-1.6552467459661084,1.1505517802193337,-0.3790495702920105,1.159392541881253,-0.6324537451292567,-2.639904126291139,0.30364901905783487,-1.0135877191404299,1.2214128325272264,-0.7045080501879853
v1_5___arrhythmia,-0.17750425440652767,0.3571252175312801,0.1642700990946379,0.24233567902845957,0.3131893341591612,-6.406388231065617,2.1910949353347586,-1.0848480830085805,3.7962727257099735,0.9607490467051171,-0.19053745078480883,3.1554494063868277,1.0972396268622633,1.4706193532393126,0.3268069249847714
v2_5___arrhythmia,-0.5389893107196202,0.4490153842600092,-0.1276718078833193,0.419959259874554,-0.2930414971903469,-1.3286105535093338,3.7765039079073475,1.1182436597569874,2.089508363185062,0.9068376248729487,-0.8600082017367828,-0.35828282407684536,-0.68007093567173,0.2280691933458614,-0.8219217812015618
v3_5___arrhythmia,-0.5874084552275857,-0.3475514772641562,-0.42933401580710023,0.11179798171722877,-0.3530421149295588,-2.862831522428325,3.4390599124930654,0.5734263972380512,2.604184846558357,1.144050801649413,-1.699143567300455,1.08346707986512,-0.4570057235977388,1.1554171871640475,-0.7553406833578815
v4_5___arrhythmia,-1.5477365388420723,-0.5930667309644692,-1.0648458663689222,0.38982150634214346,-1.0537343293002248,-4.059711125791427,1.388231333543817,-0.7746879919138608,2.361405934001995,0.34741581650602793,-2.314579290135617,0.655218743972866,-0.7986330892676023,1.2132097575486693,-0.7365387216400562
v0_5___regensburg_pediatric_appendicitis,-0.398527868313596,0.5343173100460109,-0.03855963991286363,0.4095099709684194,-0.25146836147100576,-0.8554325133244363,0.4330888328613872,-0.20050573072169986,0.526252862269561,-0.1791735117020506,-1.4158813394946517,0.9915502105118965,-0.5024357240090829,1.065114066977816,-1.0829760430444935
v1_5___regensburg_pediatric_appendicitis,-1.5274558355785386,-0.3301497027313623,-0.8907270083342488,0.49175521324102633,-0.8145754866928453,-1.5287207063357926,-0.4378520249634419,-0.8665581555194816,0.47495616999207985,-0.6331017352592103,-2.1412925517431978,2.7149156066210027,-0.08400788013958065,2.0507251592954994,-0.8256466952965468
v2_5___regensburg_pediatric_appendicitis,-0.7598619146557882,1.3333159622936384,0.24227279318645778,0.8568457434104855,0.15336433192152324,-0.855976356459647,1.2715209034992767,0.4209169942440689,0.9193668704425683,0.8472064356925771,-0.6606612035848044,0.5065954151276592,-0.2629932867028666,0.5442828959218382,-0.6349140716514545
v3_5___regensburg_pediatric_appendicitis,-3.6215770518924173,2.770231438186227,-0.40921229665440295,2.609548720711222,-0.3762912762570186,-1.0206079735242972,1.345744472466622,-0.07556730138357597,1.0230775781612624,-0.5518384030930528,0.8585304917036225,1.8383659894514797,1.4591802456997218,0.42957663773908616,1.6806442559440633
v4_5___regensburg_pediatric_appendicitis,-0.5429036475888522,0.7856316964838326,0.00024185930468937725,0.5687783849498393,-0.2420024709809122,-0.8551944812207505,0.2767027737133337,-0.3809590565327477,0.479952625178636,-0.5643854620908264,-0.6477490214598249,2.310989901254105,0.4080974937235133,1.3482455416830577,-0.43894839862374013
v0_5___amazon-commerce-reviews,-2.498951669705566,6.587793940631749,2.094423644027948,3.7103222860316283,2.1944286611576613,-10.799728753678297,1.3227748853415822,-4.720197058907914,4.949058905895218,-4.683637308387027,-2.141457682677239,2.6780012235051367,-0.26341297940971636,2.1063178070874167,-1.3267824790570466
v1_5___amazon-commerce-reviews,-2.938508375260629,5.572582500968499,0.7374006846683879,3.570023526402952,-0.4218720717027064,-4.138575307894128,2.9536254627835357,0.3308014776031216,3.1761765144240828,2.1773542779199575,-1.165141696276501,-0.708643901100001,-1.0017954643134792,0.20774122888188243,-1.1316007955639356
v2_5___amazon-commerce-reviews,-3.525409292271635,6.8771079376058015,1.5752037265058556,4.249194416792762,1.3739125341834006,-6.778441642988387,4.64246886623069,-2.3312583030122305,4.9931197332464174,-4.857802132278994,-1.4120852488066322,4.272492630033415,1.3448846716877532,2.323853756173239,1.1742466338364768
v3_5___amazon-commerce-reviews,-5.351145122850089,-2.494851387443942,-4.116875574563124,1.1978783245616744,-4.504630213395338,3.0183850916274886,6.20175282305193,4.190617917243464,1.4285832267161438,3.3517158370509743,-3.52108859379405,-0.27110510513206537,-1.3678518586312967,1.5226569935829108,-0.3113618769677745
v4_5___amazon-commerce-reviews,-2.997523655573032,7.059623492774761,1.204131764966669,4.269108657109381,-0.4497045423017216,-6.253882310693717,3.862279154266218,-0.4813424594281848,4.251708377702044,0.9475757781429445,-0.07035610502447112,1.6811732243624786,0.9146771508695926,0.7315657286462413,1.1332143332707705
v0_5___Bioresponse,-3.668776276072553,2.4773131258092533,-0.6194948410136595,2.509355536440529,-0.6670213727776787,-1.880185694404314,0.14991693546125223,-0.6279730090190013,0.8940789371755858,-0.15365026811394206,0.860442595522163,4.965643238294111,2.4831284257525037,1.7828156547945209,1.6232994434412373
v1_5___Bioresponse,-3.6633535602288796,2.588021822314242,-0.6891114833075106,2.561084518413278,-0.9920027120078946,-1.6166258390390902,0.09671411605084049,-0.5763574398417987,0.7461048146771191,-0.20916059653714633,0.7516734152945689,4.788151255411707,2.505068668383259,1.6899141678876939,1.9753813344435014
v2_5___Bioresponse,-3.4214114572263314,2.477594273473031,-0.4742600572257625,2.408261301004502,-0.47896298792398706,-2.097032559628653,0.3183938755538019,-0.6445051364755295,1.045107076389548,-0.15487672535173708,2.459241723759929,7.129948422248598,4.555837643222215,1.9364728411306844,4.07832278365812
v3_5___Bioresponse,-3.217130677382095,2.970392883838693,-0.21797522061111754,2.529586662506587,-0.40718786828995074,-1.6416362528630242,0.18558026882191123,-0.6394238308051462,0.7564091249377584,-0.4622155083743255,0.31193600788759024,3.5336653657745067,1.5188284914889574,1.4339841044437782,0.7108841008047755
v4_5___Bioresponse,-3.2731874073725913,2.9534885192687015,-0.4149025638280143,2.5674928828951753,-0.9250088033801528,-1.8854342571301617,0.2983088940924218,-0.8263575772904463,0.8927149799698634,-0.8919473688335994,1.5405246995102404,6.830173491580368,3.6884649819104904,2.270943644245743,2.694696754640864
v0_5___isolet,-5.4159156531048325,3.336871569060269,-0.19218523552552588,3.768886664083222,1.5024883774679858,-3.4754843990283795,3.3972027519290284,0.008522728629512782,2.8065723592254876,0.10384983298788938,-4.208769785958613,0.1817317261014665,-1.933234735415449,1.7960071613975395,-1.7726661463892006
v1_5___isolet,-5.491203504618961,1.602755138017921,-1.7606479736266685,2.907709634762417,-1.3934955542789642,-1.9207092799323677,3.2469408160695816,0.34713430646024473,2.15649170814044,-0.28482861675647964,-5.2450191632389735,0.2857878707777932,-2.0769734869363567,2.3286360438685567,-1.2716891683478895
v2_5___isolet,-6.2119251039193175,2.7989557175191817,-1.7839628527171982,3.680308129323642,-1.938919171751459,-5.2577027868519295,3.3033331168624853,-1.0335447138538043,3.495936998288809,-1.1462644715719688,-4.986587174731315,0.05681795518127851,-1.7848471103062884,2.2724930257550793,-0.42477211136882875
v3_5___isolet,-6.534539855405694,3.043140480789783,-0.6587011524871121,4.201403543237613,1.515295917154575,-3.697150295913951,2.4790504840817342,-0.3920291337776242,2.540033866614588,0.04201241049934404,-5.8568620752240514,2.8321132137277356,-1.9677109033576226,3.6052338623052815,-2.878383848576551
v4_5___isolet,-5.368519521364521,-1.5564127959904392,-3.103906171130434,1.6368130040660906,-2.3867861960363417,0.2917222127701343,3.2266426074832877,2.011348378294684,1.2501206494660362,2.5156803146306292,-5.175620131163849,1.4910206416715586,-1.0680409358527416,2.933650161823999,0.48047668193406595
v0_5___mushroom,-0.17109449161894996,-0.04328061525501393,-0.09626643132659739,0.054417579710014506,-0.07442418710582827,-3.7705094715837992,0.7931543511397849,-0.8013720679106658,2.1014159339190033,0.5732389167120167,-0.7115348048272682,1.322349160978657,0.16590064475495375,0.8534468212716877,-0.11311242188652763
v1_5___mushroom,-0.5118691799181304,5.114991819287495,1.6163573376660672,2.4931779809469186,0.24594937362883673,-1.315365648535478,-0.48886323665393017,-0.7881977540054718,0.3739051528831988,-0.5603643768270071,-0.40689028941710487,0.8289059743982686,0.2000888009367028,0.5047479752776792,0.1782507178289447
v2_5___mushroom,-1.2904668044922467,-0.2044572339103352,-0.5918948209318106,0.4949462303329015,-0.28076042439285,-0.4932255681754621,2.231763107041256,0.7868747292236481,1.1185577480550122,0.6220866488051503,-1.3835290154784883,-0.6161588136229279,-1.1255044449195906,0.36017214712942225,-1.3768255056573553
v3_5___mushroom,-1.8489694648727153,0.877457354540673,-0.4156500540738433,1.1174659889146694,-0.27543805188948767,-2.9607800273511398,-1.9470054305044855,-2.6089839853757395,0.468397713332512,-2.919166498271594,-2.1360860323900144,3.5805967853727005,0.6217669566381775,2.338148751655124,0.4207901169318466
v4_5___mushroom,-1.7405200858007037,0.6193505738218091,-0.8101895257462411,1.0260458098261906,-1.309399065259829,-1.339240524330112,2.2965320705409167,0.28395885393904013,1.5096179604759328,-0.1054149843936843,0.47922380995200903,2.064064659289738,1.2281075532200034,0.6499315129635257,1.1410341904182633
v0_5___SpeedDating,-0.762883916522631,0.15755405336219092,-0.3620913251163258,0.3850506484845402,-0.4809441121885374,-0.6251321763640802,0.7486614350606662,0.112014015386194,0.5653330723797078,0.21251278746199606,-2.6210782531754404,0.7642785934601378,-0.6923926166225253,1.4217966237270896,-0.22037819015227325
v1_5___SpeedDating,-3.7807760241703168,1.9870286587410042,-0.4335297048414753,2.4441707033330644,0.49315825090488674,-0.23524578868324844,2.395218415471452,1.0201472154990623,1.0772117202127234,0.9004690197089832,-1.4360731790308274,1.2475241518981055,-0.3799946473954304,1.1677133333337504,-0.9514349150535694
v2_5___SpeedDating,-2.6671618633587557,0.6350356369016091,-0.7291552491173685,1.4078530818585702,-0.15533952089495878,0.6900197963458085,1.9785914719948874,1.1944061673898914,0.5620319227218544,0.9146072338289782,-1.6626981676023451,1.3774002885312457,-0.5862919863531185,1.3906849906227716,-1.473578079988256
v3_5___SpeedDating,0.7633262369412449,4.736352925791615,2.786488259917333,1.62280921953217,2.8597856170191385,-2.8225355740146387,-1.222960053019308,-2.145652633521626,0.6757599407003441,-2.39146227353093,-1.2870536441438254,0.6612051700749312,0.011338413800599375,0.9181019921464727,0.6598637154706923
v4_5___SpeedDating,-0.07428832118688548,4.705461489438604,2.167056343433438,1.96259789738738,1.8699958620485948,-1.8191827704883545,3.2308994481025852,0.6936295628016126,2.0617599654211087,0.6691720107906074,-0.7637803532661892,2.00902456239911,0.6661636777198865,1.1336664356157082,0.7532468240267386
v0_5___adult,-1.2645290639806686,0.049242471838637315,-0.46169796827424453,0.5746877576559148,-0.16980731268070223,-2.164194883575008,1.0312798833443217,-0.5031430781354516,1.3076163796762614,-0.3765142341756683,-0.9936423563448845,1.2281358153191617,-0.2208436831309543,1.0253422005468955,-0.8970245083671401
v1_5___adult,-0.6719210905158232,0.13913195297638323,-0.20268626047445068,0.34315011824470054,-0.07526964388391214,-0.5118264934996226,-0.0537400038930199,-0.21626957820277248,0.20933706962312904,-0.08324223721567496,-0.5380248615212496,1.0877125759249897,0.33929810630716933,0.6699346259458206,0.4682066045177677
v2_5___adult,-1.2512924899370446,1.3512123047147166,-0.012082539190496844,1.0660849237839043,-0.13616743234916262,-1.8228949867564455,0.33104471054776613,-0.4580263454279354,0.9690274159793187,0.11777123992487307,-0.2675525890224123,0.09953953097799174,-0.11124330385804458,0.15473564952733973,-0.16571685352971316
v3_5___adult,-0.15345296286740975,1.4281628377874647,0.4075513419328345,0.7228675364002116,-0.05205584912155149,-0.7852568463682781,0.18741223711765176,-0.29001477849167984,0.3972902537254123,-0.2721997262244133,-1.6219797016201967,0.18737589665794954,-0.8511935811786855,0.7625496115569446,-1.1189769385738093
v4_5___adult,-1.0891062953682795,1.9890822280130684,0.8560497898648659,1.381658365874158,1.6681734369498087,-0.2516172105991401,0.4879496522559565,0.15908229498910073,0.3074217098520122,0.24091444331048578,-0.62676561090197,1.8080449687348445,0.6042716083643137,0.9941941890057682,0.6315354672600667
v0_5___mnist_784,-3.0217145834319563,2.3849488398318783,-0.19725353270797497,2.213898415838961,0.04500514547615317,0.1100564159756329,2.3113023255684366,1.1966946378593626,0.8988724814598487,1.1687251720340184,-5.4597123300511194,1.4930129407592598,-1.5387017341490037,2.907259029757932,-0.6494058131551514
v1_5___mnist_784,-2.182259674206846,-0.05746409463255328,-1.0302911368897576,0.8766442912925902,-0.8511496418298731,-1.3687674981527378,3.513722219816986,0.33908217435971294,2.246965651739063,-1.1277081985851094,-4.341675861654232,5.377723474408422,-1.0863984162245999,4.570863730820706,-4.29524286142799
v2_5___mnist_784,-2.041483836615658,-0.7657634554639824,-1.3371096505741304,0.5292371601338878,-1.2040816596427506,-3.390071809436754,2.0639980561021454,-0.9037330131271154,2.2524835796463893,-1.3851252860467376,-4.986352073688532,0.20742175898870688,-2.40467932611263,2.1204584518517255,-2.4351076636380644
v3_5___mnist_784,-1.5729460516510296,-0.19578343210450008,-1.0128937279890058,0.5908769307740349,-1.2699517002114873,-2.5218901224161745,2.5479205565738363,0.009700879379693994,2.069746850012249,0.003072203981419996,-6.091990822568551,2.5209901122514653,-1.6478280973241766,3.5216209428448244,-1.372483581655444
v4_5___mnist_784,-1.5059729888301978,-0.3125616316162106,-1.08442861195346,0.5465663190948536,-1.4347512154139717,-3.3796043803322378,-0.34465842212810494,-2.1538367839241204,1.3058842044588719,-2.737247549312019,-2.3104252706223405,1.022050504684679,-0.38695595881614747,1.4082738168805298,0.12750688948921907
