,n_instances,n_predictors,n_classes,class_freq_mean,class_freq_std,n_num,n_onehot,num_onehot_ratio,onehot_bal_mean,onehot_bal_std,onehot_bal_max,onehot_bal_min,mean_mean,mean_std,variance_mean,variance_std,skewness_mean,skewness_std,kurtosis_mean,kurtosis_std,min_mean,min_std,max_mean,max_std
abalone,4177.0,10.0,28.0,149.17857142857142,207.07470245773425,7.0,3.0,0.23333333333333334,0.3333333333333333,0.023219803058053948,0.3658127842949485,0.31290399808474983,0.38270340982933754,0.22064164675252704,0.04959456690716957,0.0791645215832014,0.6201459731268173,1.1590732625814555,11.018514540260009,26.50236596981285,0.019285714285714288,0.029408280105703396,1.2390714285714286,0.6971122285426311
adult,48842.0,108.0,4.0,12210.5,7835.741525216359,6.0,102.0,0.0005446623093681917,0.07798917036205578,0.1678453557343669,0.8974243478973015,2.0474182056426847e-05,31819.97476557062,70591.06938381503,1867984255.7359018,4152081502.8908095,3.063766712465229,4.253908655054817,30.356406983997136,55.11746466574902,2050.6666666666665,4576.936991288194,265826.6666666667,548836.3527542208
balance_scale,625.0,4.0,3.0,208.33333333333334,112.66568046905657,4.0,0.0,1.0,,,,,3.0,0.0,2.003205128205128,0.0,0.0,0.0,-1.3,0.0,1.0,0.0,5.0,0.0
breast_cancer,286.0,39.0,2.0,143.0,58.0,1.0,38.0,0.0006747638326585695,0.20969819654030183,0.2214646534001963,0.7762237762237763,0.0034965034965034965,2.0489510489510487,0.0,0.544963808121703,0.0,-0.07725286705537514,0.0,-1.1564196778286595,0.0,1.0,0.0,3.0,0.0
breast_cancer_wisconsin_original,699.0,9.0,2.0,349.5,108.5,9.0,0.0,1.0,,,,,3.1292322365283742,0.7024124591256496,7.828726533880438,2.779470599352152,1.4782335067616523,0.7933220288726008,1.6715057042384793,3.9342843648475867,1.0,0.0,10.0,0.0
breast_cancer_wisconsin_prognostic,198.0,33.0,2.0,99.0,52.0,33.0,0.0,1.0,,,,,86.4409802999694,286.5946658326983,14312.619960841062,61926.69382283155,1.1141895139168079,0.7587713156538894,2.6479868634761963,4.499141909026684,33.19448748484849,105.2901898386468,218.80582757575758,757.2989538396165
car_evaluation,1728.0,21.0,4.0,432.0,467.452136587266,0.0,21.0,0.0,0.28571428571428564,0.04123930494211612,0.3333333333333333,0.25,,,,,,,,,,,,
credit_approval,690.0,46.0,2.0,345.0,38.0,6.0,40.0,0.003260869565217391,0.2234782608695652,0.25632990452499144,0.9057971014492754,0.002898550724637681,206.9740120772947,368.0501400846514,4529169.811908247,10114188.125659738,4.4231740934724,4.0911245131518985,49.648998304365676,74.93572835690227,2.2916666666666665,5.1243224484370185,17033.958333333332,37110.37165515431
contraceptive_method_choice,1473.0,9.0,3.0,491.0,121.66621004480524,6.0,3.0,0.2222222222222222,0.5580448065173117,0.3447545554230372,0.8506449422946368,0.07399864222674814,7.909934374292825,11.021840137354028,12.77463577486545,24.61833499353279,-0.22578770620529545,0.7672898919367717,-0.24625485012408418,1.0086926465641732,3.3333333333333335,5.676462121975468,13.5,16.469669092000604
dermatology,366.0,34.0,6.0,61.0,27.77288845859093,33.0,1.0,0.9705882352941176,0.12568306010928962,0.0,0.12568306010928962,0.12568306010928962,1.8388806093724128,6.111929327421396,7.700668939564068,39.25102564692867,1.3734669036354583,1.2783333566314727,2.431480778311008,5.442561927437429,0.0,0.0,5.151515151515151,12.3487730027729
ecoli,336.0,7.0,8.0,42.0,45.59056920021947,5.0,2.0,0.35714285714285715,1.0,0.0,1.0,1.0,0.5,0.00014701296470511288,0.03304200817341862,0.012426908221111848,0.26856548670430214,0.31764516309838836,-0.26354635695501655,0.9082784387626204,0.038,0.0620966987850401,0.952,0.05491812087098392
glass_identification,214.0,9.0,6.0,35.666666666666664,27.15183644290423,9.0,0.0,1.0,,,,,11.265851609553478,22.130326293835143,0.7004470770184156,0.7545400481408481,1.640988154282786,2.165862588345839,9.650638766927129,15.828199258611876,9.75235,21.510841193376578,14.263770000000001,22.368783133169213
heart_disease,303.0,13.0,5.0,60.6,53.38389270182534,10.0,3.0,0.25641025641025644,0.385038503850385,0.22080717985286805,0.6798679867986799,0.1485148514851485,59.460396039603964,82.59997167571616,360.38335278560965,791.4945822953207,0.349894504748783,0.7029215544044445,0.1513122453784828,1.7514409035292913,32.5,44.76885077819175,106.82000000000001,170.5430491107744
hepatitis,155.0,19.0,2.0,77.5,45.5,6.0,13.0,0.024291497975708502,1.0,0.0,1.0,1.0,49.104623655913976,37.83364099633322,1753.4048121770704,2833.5518777581765,1.3382781039694225,1.356464385086862,5.056114467824833,5.2388075532485425,8.233333333333333,9.298506451157746,189.23333333333335,226.66511028877431
image_segmentation,210.0,19.0,7.0,30.0,0.0,18.0,1.0,0.9473684210526315,0.0761904761904762,0.0,0.0761904761904762,0.0761904761904762,26.146310956430426,38.591660368848345,1600.6069660256205,2381.1727682015935,2.975221014921637,3.9805826111804348,25.342352547717933,53.094240754088275,-3.887521794444444,13.519212133428104,187.54144975111112,321.2627961490898
ionosphere,351.0,34.0,2.0,175.5,49.5,33.0,1.0,0.9705882352941176,0.8917378917378918,0.0,0.8917378917378918,0.8917378917378918,0.22818060692394024,0.22017173887472805,0.2778542839880528,0.07593498180195905,-0.5213609321840758,0.5441166776898594,0.21335547321017057,0.8007170288255744,-0.9696969696969697,0.17141982574219336,0.9696969696969697,0.17141982574219336
iris,150.0,4.0,3.0,50.0,0.0,4.0,0.0,1.0,,,,,3.4636666666666667,1.6619183360067835,1.1423228187919465,1.1529319088556433,0.06670006370911419,0.2614337370586138,-0.7656823989531722,0.6656022511273966,1.8499999999999999,1.5660459763365826,5.425000000000001,2.1158627082114756
isolet,7797.0,617.0,26.0,299.88461538461536,0.423076923076923,613.0,4.0,0.24837925445705025,1.0,0.0,1.0,1.0,0.06805509334434692,0.4536775749643338,0.18347429600672785,0.09782833288675769,0.4364963856712651,1.81147475428986,3.619271163545401,15.403772344242485,-0.9343810766721043,0.11492178899774723,0.9827422512234911,0.09582522558912165
letter_recognition,20000.0,16.0,26.0,769.2307692307693,22.724618457163775,16.0,0.0,1.0,,,,,5.925465625,1.7640660155163155,5.344023546021051,1.9893209028426224,0.2902752613706472,0.45519639027932685,0.697263493263914,0.6707507427583581,0.0,0.0,15.0,0.0
lung_cancer,32.0,56.0,3.0,10.666666666666666,1.699673171197595,43.0,13.0,0.059065934065934064,0.8701923076923077,0.308348908796858,1.0,0.03125,1.8125,0.4280541763690395,0.42873218304576133,0.2217295971157257,0.1399264017233154,0.8292250286723442,0.4635345972909415,2.1049346362455856,0.8837209302325582,0.32055927330442374,2.9302325581395348,0.25475467790937956
mushroom,8124.0,116.0,2.0,4062.0,146.0,1.0,115.0,7.496251874062968e-05,0.17995418834157514,0.22440108349643104,0.9753815854258986,0.0004923682914820286,1.0,0.0,0.0,0.0,0.0,0.0,0.0,0.0,1.0,0.0,1.0,0.0
optical_recognition_of_handwritten_digits,5620.0,64.0,10.0,562.0,6.465291950097845,61.0,3.0,0.3177083333333333,0.0007710557532621589,0.0003024329486116717,0.0010676156583629894,0.00035587188612099647,5.152741963712735,4.143949242416827,19.738923947362494,14.582444568937644,3.7434718169254935,8.179642940365468,94.66626431781333,309.0107335114016,0.0,0.0,14.0,4.250361604674572
pen-based_recognition_of_handwritten_digits,10992.0,16.0,10.0,1099.2,44.00409071893203,16.0,0.0,1.0,,,,,50.711045533115,16.229911882765162,929.6726760355245,380.16132400696125,-0.03919073310721144,0.6547522810695239,-0.5013608538901572,1.1107628570621895,0.0,0.0,100.0,0.0
congressional_voting_records,435.0,32.0,2.0,217.5,49.5,0.0,32.0,0.0,0.47183908045977013,0.09678065361146725,0.6252873563218391,0.1425287356321839,,,,,,,,,,,,
wine,178.0,13.0,3.0,59.333333333333336,9.392668535736913,13.0,0.0,1.0,,,,,69.13366292091617,197.34202921370508,7645.500383967176,26419.954303083636,0.34721070556069744,0.450978675185325,-0.026964671560117434,0.873105888499742,28.970769230769232,74.16934349711408,148.29,444.12238658002644
yeast,1484.0,8.0,10.0,148.4,164.73506002062828,7.0,1.0,0.875,1.0,0.0,1.0,1.0,0.36355121293800546,0.1770178355383584,0.011560625459741273,0.005830303081191638,1.8756710277996314,3.6343184617973048,18.21048262877584,35.73954074802631,0.06428571428571428,0.07943679299690197,0.9371428571428572,0.10291664945330216
zoo,101.0,16.0,7.0,14.428571428571429,11.938618523300672,1.0,15.0,0.004166666666666667,0.4356435643564357,0.23530219053485857,0.8217821782178217,0.07920792079207921,2.8415841584158414,0.0,4.134653465346536,0.0,0.13734780012210004,0.0,-0.6282263798057888,0.0,0.0,0.0,8.0,0.0
statlog_heart,270.0,13.0,2.0,135.0,15.0,10.0,3.0,0.25641025641025644,0.38518518518518513,0.21976002208503026,0.6777777777777778,0.14814814814814814,59.73129629629629,83.25052298821954,361.83742207076966,788.93314960955,0.3574717565474376,0.7134304524387658,0.21532950730038736,1.857619823505586,32.5,44.76885077819175,106.82000000000001,170.5430491107744
statlog_landsat_satellite,6435.0,36.0,6.0,1072.5,398.47908769888204,36.0,0.0,1.0,,,,,83.47183803850471,10.645314952492681,336.0729351800796,124.73269116705967,0.03984568180732459,0.5577535765378745,-0.1548018403584225,0.8334342121017795,36.5,9.239107701023466,134.08333333333334,19.371191381935073
statlog_shuttle,58000.0,7.0,7.0,8285.714285714286,15526.386183473838,7.0,0.0,1.0,,,,,31.953731527093595,28.01204233554373,7216.8157983723095,16388.161442622302,1.8143517677967191,14.4805089228205,1957.691946315263,3120.6645484886567,-4514.571428571428,9166.006995682359,2888.5714285714284,5162.721592813035
statlog_vehicle_silhouettes,846.0,18.0,5.0,169.2,84.35733518787801,18.0,0.0,1.0,,,,,117.62765957446807,103.31138480418473,2041.5671366821937,7107.020281454343,0.9789398109829031,3.241983699885257,23.113338867133375,45.80512028385538,56.22222222222222,56.87662628254203,221.94444444444446,217.4142160899896
connectionist_bench_sonar_mines_vs_rocks,208.0,60.0,2.0,104.0,7.0,60.0,0.0,1.0,,,,,0.28132129006410267,0.22577592632963078,0.029133141824186335,0.025677047389826606,0.9602304872394583,0.938409169139894,2.1937054706265995,4.16061326786959,0.01894333333333333,0.02112150852146272,0.6558233333333333,0.3737557724712163
magic_gamma_telescope,19020.0,10.0,2.0,9510.0,2822.0,10.0,0.0,1.0,,,,,30.677838007360673,56.90711337847355,1493.801871141658,1786.4990610710047,0.6462939807930795,1.2594770815849408,4.271720920950257,5.348678960123034,-98.807,162.6509392194524,217.64242,194.2882413284077
parkinsons,195.0,22.0,2.0,97.5,49.5,22.0,0.0,1.0,,,,,22.186785704895104,54.71268402135522,545.4049784298614,1784.3677159371105,1.6491385511007832,1.3106142180260247,5.315717109249811,6.216206660889663,11.76330809090909,29.860495827379985,51.329324681818186,137.9239513370885
wine_quality,6497.0,11.0,7.0,928.1428571428571,1057.8189729778137,11.0,0.0,1.0,,,,,15.898094169756364,32.685799052490424,321.4180621558554,913.0169306310204,1.3631093539365973,1.4022696453047903,8.008491635444232,13.884389023935578,2.128737272727273,2.600365726250098,76.04545272727272,140.88687441767075
thoracic_surgery_data,470.0,37.0,2.0,235.0,165.0,3.0,34.0,0.002384737678855326,0.38235294117647056,0.3791926363623169,0.9957446808510638,0.002127659574468085,23.461460992907803,27.633483381147737,71.68397659272027,56.30088323884619,1.9894644948450828,2.581442130418653,10.246739213902872,14.074848539428139,7.8,9.33586632295043,59.86666666666667,37.87843127104864
wholesale_customers,440.0,7.0,3.0,146.66666666666666,120.36149255010463,6.0,1.0,0.8571428571428571,1.0,0.0,1.0,1.0,5537.689393939395,3579.935504841318,59831380.85254712,52225733.9016627,5.131418164459167,2.8550392192561307,49.669519213034015,54.92300606793871,15.333333333333334,19.473628891971373,71344.66666666667,24893.013656222683
student_performance,649.0,58.0,17.0,38.1764705882353,33.32413944719644,15.0,43.0,0.006014434643143544,0.3953488372093023,0.2731740603409655,0.9399075500770416,0.03543913713405239,4.635336414997432,4.5374211101546,3.4094044652425066,5.393581347365799,0.5508006246486704,1.092057850657722,1.2276497297674893,2.998353284525555,1.5333333333333334,3.630733014450694,9.4,8.670255667126163
diabetic_retinopathy_debrecen,1151.0,19.0,2.0,575.5,35.5,16.0,3.0,0.2807017543859649,0.7503620040544453,0.29457077590388436,0.996524761077324,0.3362293657688966,18.67472966415074,18.715823419744957,435.9001619522939,804.2154334138619,3.432713308871062,4.095692692993066,37.70495264787049,63.859812617814356,0.423433875,0.46042469366578764,97.41053124999999,96.12945198934048
default_of_credit_card_clients,30000.0,23.0,2.0,15000.0,8364.0,22.0,1.0,0.9565217391304348,1.0,0.0,1.0,1.0,21319.781013636362,37221.44802632642,2064707428.30708,3764926084.921379,5.545644012654826,7.450889782410172,151.7981371110991,357.780725863407,-44252.22727272727,86571.36778558214,564687.9090909091,542784.6767939893
online_shoppers_purchasing_intention_dataset,12330.0,28.0,2.0,6165.0,4257.0,14.0,14.0,0.03571428571428571,0.15947167188043102,0.21261482842641338,0.8557177615571776,0.006893755068937551,97.30724529822236,305.15340968451267,265396.6184501724,942128.1067727106,3.8448118035403467,2.039940924428343,31.466536995211268,37.602183399637525,0.2857142857142857,0.4517539514526256,5077.915069421428,16366.994616166625
electrical_grid_stability_simulated_data,10000.0,13.0,2.0,5000.0,1380.0,13.0,0.0,1.0,,,,,1.7781333014482326,2.616514258352341,2.424374012776975,3.400637819922184,0.0004601994859290467,0.006241637796757958,-1.1155195545797325,0.22301062725388784,-0.17658400751023307,1.0783536831707747,3.728585283779564,4.458238867180359
heart_failure_clinical_records,299.0,12.0,2.0,149.5,53.5,7.0,5.0,0.11666666666666665,0.43411371237458185,0.1149139739896978,0.6488294314381271,0.3210702341137124,37758.152343048256,92100.94184723441,1366659504.8679597,3347231523.317696,1.4838703820586947,1.988062988283597,8.401843483482901,10.792381598065022,3613.5,8771.898593153675,122639.77142857143,296955.58090418513
estimation_of_obesity_levels_based_on_eating_habits_and_physical_condition,2111.0,31.0,7.0,301.57142857142856,24.8472886871393,8.0,23.0,0.011220196353436185,0.34782608695652173,0.3575770873155984,0.9791567977261961,0.0004737091425864519,15.172647690431077,27.99111409150735,91.07724125785037,225.22977629921672,0.15535619522637314,0.7296611672430074,-0.09476282478404802,1.1560234593214473,7.18125,12.794235457326085,31.3725,56.81884629020551
rice_cammeo_and_osmancik,3810.0,7.0,2.0,1905.0,275.0,7.0,0.0,1.0,,,,,3764.443195212914,5723.269409836286,880047.4218842525,1391598.8132187922,0.12655271184821806,0.28038688856339394,-0.4418341264920878,0.5386734214896264,2262.7387889567144,3401.1767238659195,5558.401141194428,8506.90554204612
bone_marrow_transplant_children,187.0,40.0,2.0,93.5,8.5,18.0,22.0,0.020454545454545454,0.4494409333981526,0.267357691233626,0.8556149732620321,0.0481283422459893,49674.6495973109,177298.81606871632,15795903169.34393,43300670908.992424,1.224292792014632,2.024742027157274,5.2996249257975805,14.62099438038752,3.1267059444444443,5.326813243548638,166874.69524416665,372585.73912549875
hcv_data,615.0,13.0,5.0,123.0,205.1389772812568,11.0,2.0,0.4230769230769231,0.5,0.11300813008130084,0.6130081300813008,0.38699186991869916,39.8459837398374,24.818137837893694,765.5184492363693,991.924489032094,3.9689942623971786,4.624141155988089,49.85646643438932,76.79280455299224,10.695454545454545,12.290207013299328,302.28909090909093,309.39505015887033
ai4i_2020_predictive_maintenance_dataset,10000.0,13.0,2.0,5000.0,4981.0,5.0,8.0,0.04807692307692308,0.13366250000000002,0.19951308815150448,0.6,0.0046,459.34490000000005,549.9458112902992,7260.043914636143,12538.300998704006,0.4279853571324015,0.7835556251820325,0.9743666243708727,3.2297340149694063,354.56,428.09556222880894,766.78,1063.0433112531211
dry_bean_dataset,13611.0,16.0,7.0,1944.4285714285713,891.2251370433619,16.0,0.0,1.0,,,,,6778.414756624357,17626.202625886646,109156686.83869639,288828741.5680014,0.3619361615557213,1.6917502744224968,4.207472586010354,4.850296989084323,2631.3314703510623,6774.823988570345,32602.49826339681,85562.08231429305
predict_students_dropout_and_academic_success,4424.0,36.0,3.0,1474.6666666666667,578.9164207571091,28.0,8.0,0.09722222222222222,0.3837590415913201,0.3336823008698359,0.8908227848101266,0.011528028933092224,332.3060904382418,1640.8241636785906,152184.29863566818,790223.578206301,2.000622134273775,3.155687547486304,16.595391641312027,30.83503736489978,8.883571428571427,24.856146152020678,408.5305867346429,1845.1492475963166
glioma_grading_clinical_and_mutation_features,839.0,26.0,2.0,419.5,67.5,1.0,25.0,0.0015384615384615385,0.14855780691299167,0.2039301205098919,0.9117997616209773,0.0011918951132300357,50.93541120381406,0.0,246.56343918035162,0.0,0.0736585069166186,0.0,-0.833485668425999,0.0,14.42,0.0,89.29,0.0
sepsis_survival_minimal_clinical_records,110341.0,3.0,2.0,55170.5,47041.5,2.0,1.0,0.6666666666666666,0.47378580944526516,0.0,0.47378580944526516,0.47378580944526516,32.04021623875078,30.691071315286248,291.13154281222,290.56683199272095,0.7777611692164778,1.7836688186237644,3.595304244351278,3.3211489057147303,0.5,0.5,52.5,47.5
raisin,900.0,7.0,2.0,450.0,0.0,7.0,0.0,1.0,,,,,25834.71764954449,40274.14841929818,454770088.6715233,720012302.6176084,0.39170120321228347,1.039673008989003,1.749298432518193,0.793376964589134,7502.163285508143,11552.518133975565,73921.873971155,116133.6680216785
cirrhosis_patient_survival_prediction,418.0,776.0,3.0,139.33333333333334,85.88493594468254,7.0,769.0,1.1730323220677543e-05,0.010686220220133026,0.06083088028953174,0.8947368421052632,0.0023923444976076554,2924.790570745044,6401.516900173369,2582740.955286847,5038171.407036675,1.3449382149138025,1.5154709460693092,5.464660270408373,5.37361893422117,1417.9442857142856,3340.9139740147975,6146.327142857143,10342.405739913313
support2,9105.0,66.0,6.0,1517.5,1184.9645212691673,33.0,33.0,0.015151515151515152,0.23735210423843042,0.21903704814440986,0.7897858319604613,0.008676551345414608,3470.4732274458943,11684.132466867683,409379084.9986214,1800628578.3768077,1.9300142924308206,2.213072484027999,18.139364722911406,39.1037228683168,35.17122026606061,202.83290006631668,84628.88989430152,287634.0987341126
national_health_and_nutrition_health_survey_2013-2014_nhanes_age_prediction_subset,2278.0,7.0,2.0,1139.0,775.0,6.0,1.0,0.8571428571428571,1.0,0.0,1.0,1.0,43.02681884694176,46.4615899177472,447.0004436690196,797.9577044465588,2.6515044576135245,2.334755854819733,26.54391130415021,29.193055255099853,19.94,23.78952150282417,198.56499999999997,226.46114411012474
aids_clinical_trials_group_study_175,2139.0,23.0,2.0,1069.5,548.5,12.0,11.0,0.04743083003952569,0.4034595605423094,0.27167085789484896,0.8279569892473119,0.021972884525479196,342.7000171107995,368.82043069513446,64077.11671147938,90958.29748057845,0.5196766441538374,0.9604050182668459,2.0423445208542956,3.64981946448409,28.5,36.323775501270056,1481.9116133333334,1990.6536874874957
national_poll_on_healthy_aging_npha,714.0,14.0,3.0,238.0,100.22308449986294,8.0,6.0,0.09523809523809523,0.40732959850606915,0.3014518583912118,1.0,0.056022408963585436,2.4077380952380953,0.5189602172127324,0.7059999666065584,0.5372966597182206,-0.4984589284465456,1.7682749576161758,3.4234995201984697,4.670181061554318,-0.125,1.165922381636102,4.125,1.2686114456365274
regensburg_pediatric_appendicitis,782.0,153.0,3.0,260.6666666666667,192.371746597282,17.0,136.0,0.0008169934640522876,0.1609560704077027,0.24688747507378422,0.9757033248081841,0.0012787723785166241,45.816078130820664,69.56283367514808,551.4245249505115,1374.353244048214,2.063655061066045,4.114344535369574,33.53489207844011,64.82316388642288,15.953529411764707,23.699737139564,111.35411764705883,172.2071142569088
olivetti_faces,400.0,4096.0,40.0,10.0,0.0,4096.0,0.0,1.0,,,,,0.5470424736486166,0.10243961102585347,0.019315939097940823,0.005991791916437999,-0.30277970885371075,0.5004391122858176,0.006169152289888846,0.9147784703989531,0.1552351012892359,0.0933116348287528,0.8552145184803521,0.04472060692192886
credit-g,1000.0,61.0,2.0,500.0,200.0,6.0,55.0,0.0017883755588673621,0.2545454545454546,0.2562580246677391,1.0,0.009,555.8219999999999,1214.4422378461095,1328020.1817664334,2969419.2472517113,0.7544010849570227,0.8734513620095254,0.7934392211052499,1.8923458271150393,46.0,91.45490692138941,3097.1666666666665,6854.438766635498
blood-transfusion-service-center,748.0,4.0,2.0,374.0,196.0,4.0,0.0,1.0,,,,,356.99498663101605,589.9710117998088,532947.0217505496,922690.7476416514,2.2585703379392172,1.026961731837591,10.148276743801555,6.555214709542031,63.25,107.82248142201144,3180.5,5380.64259638196
monks-problems-2,601.0,17.0,2.0,300.5,94.5,0.0,17.0,0.0,0.35294117647058826,0.0884139149663277,0.502495840266223,0.24126455906821964,,,,,,,,,,,,
tic-tac-toe,958.0,27.0,2.0,479.0,147.0,0.0,27.0,0.0,0.33333333333333326,0.08299930536994193,0.4780793319415449,0.16701461377870563,,,,,,,,,,,,
monks-problems-1,556.0,17.0,2.0,278.0,0.0,0.0,17.0,0.0,0.35294117647058826,0.08847004558511844,0.5107913669064749,0.24640287769784172,,,,,,,,,,,,
steel-plates-fault,1941.0,33.0,2.0,970.5,297.5,25.0,8.0,0.0946969696969697,0.20665893869139618,0.18710753629784296,0.5996908809891809,0.02833590932509016,140511.01121211748,447154.8446016069,262430831342.5264,852793314074.8779,4.037423979290857,8.738857850562955,118.19167903292083,350.5689790519955,599.912148,1820.294267912932,1510160.5186120002,4072981.6691886093
kr-vs-kp,3196.0,73.0,2.0,1598.0,71.0,0.0,73.0,0.0,0.49315068493150693,0.34642574171850243,0.9996871088861077,0.00031289111389236547,,,,,,,,,,,,
qsar-biodeg,1055.0,41.0,2.0,527.5,171.5,38.0,3.0,0.30894308943089427,0.07140600315955765,0.05433704347982474,0.14786729857819905,0.026540284360189573,2.889741224744325,6.11537937182104,8.558581234878385,25.8644098170714,3.7615789365478407,4.887670052307218,46.56658577240794,130.35106468580133,0.39747105263157895,1.4748144056131791,17.791618421052636,26.654026035734415
wdbc,569.0,30.0,2.0,284.5,72.5,30.0,0.0,1.0,,,,,61.89071233954306,192.56936352627864,15063.218541913287,61541.47964700726,1.735815197954178,1.2539196996432502,7.735706478700378,12.547731558905735,15.604080399999999,41.81021363112144,264.18550833333336,869.040034145334
phoneme,5404.0,5.0,2.0,2702.0,1116.0,5.0,0.0,1.0,,,,,-1.2287194669044725e-08,2.7931012776940525e-08,1.000000009233442,1.2147308749482757e-08,0.7792488840631137,0.49275783886114705,0.33832463723493833,1.0952004194703566,-2.7242244,0.2577896181909582,3.551564,0.6728006673596572
diabetes,768.0,8.0,2.0,384.0,116.0,8.0,0.0,1.0,,,,,44.98579117838541,38.94623512137641,1893.0594716960932,4315.576153673168,0.5282118837708745,1.238665108772285,2.7495241964204324,2.7323337222231525,2.63475,6.941458991991525,179.19,258.4781948250181
ozone-level-8hr,2534.0,72.0,2.0,1267.0,1107.0,72.0,0.0,1.0,,,,,296.494606499841,1409.753224525387,216.95079783503655,819.0059313106175,0.08590512482654233,1.1192759916101778,1.4877434720981797,9.058856796146667,268.71527777777777,1367.7965324554473,316.4888888888889,1437.631785019643
hill-valley,1212.0,100.0,2.0,606.0,0.0,100.0,0.0,1.0,,,,,8174.051207590756,43.5776263397208,324040973.30327946,6221189.153479251,3.000956350376083,0.05105549855251637,9.54289335700836,0.5249538488286924,0.8157,0.10235482401919316,118120.5013,8413.678990206918
kc2,522.0,21.0,2.0,261.0,154.0,21.0,0.0,1.0,,,,,977.8936991424919,3935.7035663136526,613850878.3687494,2731723298.4251246,8.927345438818472,4.239858120836723,128.85404669538553,86.6778598060693,0.38095238095238093,0.4856209060564557,111741.90809523809,456386.90041427856
eeg-eye-state,14980.0,14.0,2.0,7490.0,767.0,14.0,0.0,1.0,,,,,4316.882028546157,187.15101339069926,7420472.113909542,11202533.104619626,71.73008270483062,51.961840604801026,8901.749575321557,5971.858029162225,2073.186192857143,1071.520701057946,218879.11357142855,253202.1363999061
climate-model-simulation-crashes,540.0,20.0,2.0,270.0,224.0,20.0,0.0,1.0,,,,,18.575018532685185,61.01971980472035,1352.6006486091592,5307.565726364138,2.8949984062818964e-05,0.0006433926242436512,-1.215041145084558,0.06537698896348816,0.1512037,0.35656734763310843,36.998766749999994,121.78829498365174
spambase,4601.0,57.0,2.0,2300.5,487.5,57.0,0.0,1.0,,,,,6.150770191072116,37.66213828982201,7134.77935655207,48434.129653391166,11.182991741438656,6.89504025789688,240.90671025613486,294.30154261178177,0.05263157894736842,0.22329687826943606,483.9420701754385,2437.2657340899696
kc1,2109.0,21.0,2.0,1054.5,728.5,21.0,0.0,1.0,,,,,285.096916615864,1111.2539234954806,14549820.294238308,64796552.85423852,4.20018808788272,1.9675874907373716,31.775080680731705,28.47021176267683,0.23809523809523808,0.4259177099999599,16869.353333333333,68976.0661927144
ilpd,583.0,11.0,2.0,291.5,124.5,9.0,2.0,0.4090909090909091,0.5,0.2564322469982847,0.7564322469982847,0.24356775300171526,60.14487102267963,89.77819814287544,19572.605163063636,30028.958621860467,3.2823396331742796,3.427935920710728,29.774769582243593,45.61256539496632,10.155555555555555,19.04714099929209,1026.8444444444442,1608.0249694793722
pc1,1109.0,21.0,2.0,554.5,477.5,21.0,0.0,1.0,,,,,1500.9949675812618,6119.926478195623,1391021745.0931773,6200247352.497234,7.9976694190730075,3.980557634670969,115.51733740172156,104.44762594000657,0.3333333333333333,0.4714045207910317,216793.89238095234,909879.1722750607
pc3,1563.0,37.0,2.0,781.5,621.5,37.0,0.0,1.0,,,,,1008.1458672684201,5520.437229978372,3478069177.6951427,20800893655.87636,10.314414773223355,8.275274326950907,238.18648558473586,268.3187695114408,0.29891891891891886,0.5118846142352036,367116.3932432432,2067270.5199542022
SpeedDating,8378.0,500.0,2.0,4189.0,2809.0,59.0,441.0,0.00026757369614512473,0.13826813449976155,0.20171671064593025,0.8768202434948675,0.0005968011458582001,8.898185906591518,5.9569735073402805,16.802481500260722,29.976701165644947,0.29260033037485544,1.93828497419948,6.2370364888250815,36.352239473856905,0.9689830508474576,3.2658794309251293,22.023898305084742,22.072685936791526
mnist_784,70000.0,784.0,10.0,7000.0,378.82423364932714,765.0,19.0,0.05135606874328679,1.4285714285714287e-05,1.6940658945086007e-21,1.4285714285714285e-05,1.4285714285714285e-05,34.21513971988795,42.75705731089522,4483.688990150582,4995.381249498905,24.741165104309427,48.512218359540526,3127.347498408923,9824.277901784353,0.0,0.0,224.61045751633986,76.73664254410018
banknote-authentication,1372.0,4.0,2.0,686.0,76.0,4.0,0.0,1.0,,,,,0.6405147434402334,1.1848985262900544,16.379406095066525,11.65376892072194,-0.11916095861065518,0.7657571527392615,0.1398975594438996,0.7929946735345786,-8.662374999999999,3.168480310318339,10.038325,5.887310153786276
Titanic,2201.0,3.0,2.0,1100.5,389.5,1.0,2.0,0.16666666666666666,1.0,0.0,1.0,1.0,-0.0007594729668333055,0.0,1.0017038364659043,0.0,-0.7024674270179841,0.0,-0.7594429516430985,0.0,-1.87,0.0,0.965,0.0
Satellite,5100.0,36.0,2.0,2550.0,2475.0,36.0,0.0,1.0,,,,,85.71349128540305,10.234976233682016,205.63460042679992,46.727773075760275,-0.1095850721189186,0.17953311992908208,-0.46392690715575885,0.38421860963344134,42.25,12.021681801367617,131.22222222222223,17.03282959318907
bank-marketing,45211.0,51.0,2.0,22605.5,17316.5,7.0,44.0,0.0031194295900178253,0.20454545454545456,0.24739764938054717,0.9819734135497998,0.00473336135011391,245.8171083522657,463.3727960363967,1335306.0313752326,3239647.43550969,8.805899752933128,13.728453052977583,672.9555290640656,1565.6555489956165,-1142.857142857143,2807.180355983635,15482.857142857143,35409.698059908354
one-hundred-plants-texture,1599.0,64.0,100.0,15.99,0.09949874371066199,64.0,0.0,1.0,,,,,0.015625021996169483,0.006858256957813517,0.0009439440230669111,0.0011343054009976352,3.1400664771945563,1.442591891473388,15.639158311217425,17.809644289855466,0.0,0.0,0.2362369375,0.14661992604785115
arrhythmia,452.0,343.0,13.0,34.76923076923077,62.39348319786394,213.0,130.0,0.004776855797263961,0.4923417290673928,0.48732080035271574,0.9977876106194691,0.0022123893805309734,13.776868586148156,35.51397602412189,208.70490559569177,432.10025696420723,1.3453328901775585,6.1041224076428255,45.8161634714745,89.68095368883962,-14.448826291079813,46.91557056599872,62.748826291079816,92.47166327049644
amazon-commerce-reviews,1500.0,10000.0,50.0,30.0,0.0,7822.0,2178.0,0.0003591368227731864,0.012682277318640954,0.017505419486952226,0.25266666666666665,0.006,0.5224956106707577,3.636267911798435,1.7229914296112745,50.819770889439305,6.5801202357266195,4.953086485480923,79.97768669653158,116.38056868543994,0.011250319611352595,0.37958144396113014,5.544489900281258,7.741129461397137
one-hundred-plants-shape,1600.0,64.0,100.0,16.0,0.0,64.0,0.0,1.0,,,,,0.00060469328125,6.107647695317502e-05,8.7465334099315e-08,2.8057668255616993e-08,1.389632078855178,0.7013129028075307,3.787733177901554,2.4343328560141346,7.465624999999999e-05,3.6758170329023444e-05,0.002256328125,0.0002742390639733595
Bioresponse,3751.0,1776.0,2.0,1875.5,158.5,941.0,835.0,0.0006345417273560986,0.13177132804505623,0.15613237010393255,0.9664089576113036,0.00026659557451346307,0.048933092894819404,0.13013442953510565,0.0056247886479419765,0.013283525329827638,11.636537683199721,9.645963121418424,272.9274296584221,415.0027784973944,0.0024777560690754513,0.0226632133962595,0.9128262523294368,0.16603546203923378
make_classification_500_10_8_1_4_2_1-0,500.0,10.0,4.0,125.0,0.7071067811865476,10.0,0.0,1.0,,,,,6.136913500447774,18.861050581496535,10260.819565279198,8407.62319758035,-0.11831804560945362,0.1597968396825415,0.21991709228133122,0.2558197588380573,-265.5514127272412,159.87544545383213,272.14274256248547,178.28858273616504
make_classification_1000_20_10_10_5_2_1-0,1000.0,20.0,5.0,200.0,0.8944271909999159,20.0,0.0,1.0,,,,,-1.2233098340142958,56.17647816554661,36805.8827745432,48072.38696794775,-0.03130675622889427,0.16316461294467371,0.20682236694149103,0.311896381981172,-532.8314313362981,387.65530928677015,514.966122425055,434.9620368274726
make_classification_2000_30_5_5_6_3_1-0,2000.0,30.0,6.0,333.3333333333333,1.3743685418725535,30.0,0.0,1.0,,,,,9.620934256251202,36.313290435317384,8431.901616410052,9687.350539761172,-0.019027142665658404,0.09334966949264521,0.030844898567483167,0.14895051475451307,-259.48332971588263,195.93181353404006,255.75619222725803,174.4325305624305
make_classification_500_40_10_5_5_10_1-0,500.0,40.0,5.0,100.0,0.6324555320336759,40.0,0.0,1.0,,,,,-8.150329839704861,38.0639970301334,10808.446259988083,14941.270036521584,0.0006935830324142564,0.13049494981251528,-0.012179439863948437,0.22297349315583898,-267.8120023846457,179.2944542943901,255.90980425372686,194.8982418161429
make_classification_1000_50_10_10_5_2_0-7,1000.0,50.0,5.0,200.0,1.6733200530681511,50.0,0.0,1.0,,,,,0.46835284773157837,24.759437192299917,13895.711184974527,24728.308623189303,-0.012481121048061199,0.10930000685824305,0.09551800757100234,0.27630227034637383,-300.7841907932715,306.6234197256053,296.6888799765079,292.1085757351733
make_classification_2000_60_5_5_6_3_0-7,2000.0,60.0,6.0,333.3333333333333,2.560381915956203,60.0,0.0,1.0,,,,,4.089457070822324,24.777347683060086,3977.5297633472514,4295.5868085799675,-0.012098080764915474,0.061700782009331476,0.03739321195131881,0.1545824891061613,-188.01516742958282,116.6209751637745,192.35595785327584,117.91082026435451
make_classification_5000_50_40_5_30_1_1-3,5000.0,50.0,30.0,166.66666666666666,1.7384539747207062,50.0,0.0,1.0,,,,,1.1734979814720468,42.99193662185758,177095.42322329283,409105.6501786731,-0.0016722626534280201,0.038004183359879005,0.027188657747239962,0.08338156261652363,-1051.0182946744349,1247.8583867545535,1019.4672246741164,1243.2108638344646
make_classification_10000_70_50_10_50_1_1-3,10000.0,70.0,50.0,200.0,2.3323807579381204,70.0,0.0,1.0,,,,,0.936209566490574,42.10500678801955,174799.86192865716,518864.5192806975,-0.0036513513710000676,0.03213618043185732,0.0326381854514096,0.04937957433293192,-1050.711338364252,1218.4881011972557,1075.2208430835437,1301.2681801062736
make_classification_20000_50_30_5_15_2_1-3,20000.0,50.0,15.0,1333.3333333333333,5.274677451960663,50.0,0.0,1.0,,,,,-8.027134224715917,45.49789199335188,43410.091576237595,80262.3733714909,0.0011107697284229205,0.03459285156950013,0.023048772200315436,0.04180519945400313,-665.0087417042577,528.7241225440388,641.6215781403671,542.5332341842656
make_classification_60000_30_10_5_20_3_0-9,60000.0,30.0,20.0,3000.0,7.556454194925025,30.0,0.0,1.0,,,,,1.154592902296834,38.73853539573069,13641.983680976738,16905.832603169216,0.004715273096881448,0.04210112488393107,0.07614814063263128,0.1014267383401204,-445.5422155831647,320.28771471639743,460.9411799520438,354.3148915543217
make_circles_200_0-3_0-7,200.0,2.0,2.0,100.0,0.0,2.0,0.0,1.0,,,,,0.03048941949468365,0.018051558754112348,0.3668918387670942,0.007613880067315115,-0.04049727508791939,0.007770592724130599,-0.33944322220852063,0.034871122533748355,-1.5053060696311422,0.03249018624408606,1.4680721175436724,0.07675421952947226
make_circles_800_0-2_0-8,800.0,2.0,2.0,400.0,0.0,2.0,0.0,1.0,,,,,0.009399040314860656,0.0016397649509831249,0.30211480107037725,0.011539576084334896,-0.0480316342072798,0.02846403824707023,-0.18481048361615593,0.03593465421713016,-1.5527343173269859,0.03042565433390565,1.457291091263938,0.04072627534582263
make_moons_500_0-3,500.0,2.0,2.0,250.0,0.0,2.0,0.0,1.0,,,,,0.39263371680591774,0.1345838413676784,0.6074311172051721,0.25290528001726265,-0.022041300850250703,0.03596507878093554,-0.6387102599718799,0.018945987135069897,-1.4935999204253743,0.247252306804557,2.282473573101865,0.5165247747311541
make_moons_900_0-5,900.0,2.0,2.0,450.0,0.0,2.0,0.0,1.0,,,,,0.4043580069998909,0.12049418615614857,0.7625600751259829,0.27450591103429334,-0.011660081262753117,0.02030564710860434,-0.45068121056659183,0.055357527700875986,-2.038560897669155,0.23633253818891342,2.6310721595755204,0.4929073835218618
make_hastie_10_2_1000,1000.0,10.0,2.0,500.0,16.0,10.0,0.0,1.0,,,,,-0.00213598336842621,0.025451871520476295,1.0071954530998537,0.05398631537393688,0.0013670928133128772,0.07650027102157875,0.022388224103934862,0.12924858971383002,-3.269144767753686,0.3379021771197513,3.334850494322732,0.3179972293462035
v0_2___lung_cancer,32.0,28.0,3.0,10.666666666666666,1.699673171197595,20.0,8.0,0.08928571428571429,0.7890625,0.3706617551336393,1.0,0.03125,1.7640625,0.4419942157073439,0.4134576612903226,0.21745385732500627,0.20941581094348086,0.8357514984557778,0.5361829003165013,2.433183079199027,0.9,0.30000000000000004,2.9,0.3
v1_2___lung_cancer,32.0,28.0,3.0,10.666666666666666,1.699673171197595,23.0,5.0,0.16428571428571428,1.0,0.0,1.0,1.0,1.8546195652173914,0.41093749438462696,0.4420143758765778,0.22453867757467913,0.07950082848838891,0.8187276109273711,0.40036215987741125,1.768287079769962,0.8695652173913043,0.33678116053977536,2.9565217391304346,0.20393111999232302
v0_2___connectionist_bench_sonar_mines_vs_rocks,208.0,30.0,2.0,104.0,7.0,30.0,0.0,1.0,,,,,0.25306493589743595,0.23068680733704022,0.027549352498033572,0.02797010576692912,1.1130291215822832,0.9131206590370529,2.657630999969125,4.084469829453339,0.018853333333333337,0.024188313064140893,0.5876033333333335,0.40176963008116423
v1_2___connectionist_bench_sonar_mines_vs_rocks,208.0,30.0,2.0,104.0,7.0,30.0,0.0,1.0,,,,,0.3095776442307692,0.21710893956505986,0.03071693115033909,0.023049467053412112,0.8074318528966333,0.938477146326604,1.7297799412840742,4.184263130860541,0.019033333333333333,0.017525568622887976,0.7240433333333333,0.32963613645284034
v0_2___student_performance,649.0,29.0,17.0,38.1764705882353,33.32413944719644,6.0,23.0,0.008995502248875561,0.38627989549139147,0.2467266753744819,0.8936825885978429,0.06317411402157165,4.629429892141757,5.509644317132687,1.0497171970806622,0.4033809172296551,0.6633466006832317,1.1235525073217092,1.2163960574833454,3.8403931761620185,3.0,5.385164807134504,7.166666666666667,6.6687496745808525
v1_2___student_performance,649.0,29.0,17.0,38.1764705882353,33.32413944719644,9.0,20.0,0.015517241379310345,0.40577812018489984,0.30038846828301713,0.9399075500770416,0.03543913713405239,4.639274096901215,3.751820640778605,4.982529310683736,6.4953253210650805,0.4757699739589628,1.0639532075278049,1.2351521779569188,2.2695778204059645,0.5555555555555556,0.4969039949999533,10.88888888888889,9.492036948521575
v0_2___credit_approval,690.0,23.0,2.0,345.0,38.0,4.0,19.0,0.009153318077803204,0.22738367658276123,0.24542639619685283,0.7521739130434782,0.002898550724637681,55.51464130434782,74.81368825063456,7456.534605814455,12813.208560344114,2.0714153747872857,0.7563182429210985,8.582990358774154,7.528915493315241,3.4375,5.953924651018015,534.1875,846.5534790955323
v1_2___credit_approval,690.0,23.0,2.0,345.0,38.0,2.0,21.0,0.004140786749482401,0.21994478951000687,0.2657604191493805,0.9057971014492754,0.002898550724637681,509.8927536231884,507.49275362318843,13572596.366513113,13572572.718327336,9.126691530842631,3.9853795743589897,131.78101419554872,81.32784864118234,0.0,0.0,50033.5,49966.5
v0_2___qsar-biodeg,1055.0,21.0,2.0,527.5,171.5,20.0,1.0,0.9523809523809523,0.026540284360189573,0.0,0.026540284360189573,0.026540284360189573,3.8375876161137428,8.030323960278624,13.577073726022164,34.5983528431617,4.543734469463137,5.9378836870584655,67.10708537458592,175.33554159695146,0.543395,1.2494999937875149,22.359374999999996,34.23173358773808
v1_2___qsar-biodeg,1055.0,20.0,2.0,527.5,171.5,18.0,2.0,0.45,0.0938388625592417,0.05402843601895735,0.14786729857819905,0.03981042654028436,1.8365785676671935,2.2786914187671137,2.9824784669408553,4.810140288780493,2.8925172333086238,3.13399529321089,23.74380843665461,26.88255533453134,0.2353333333333333,1.6754579805069552,12.716333333333333,12.200721563361187
v0_2___spambase,4601.0,29.0,2.0,2300.5,487.5,29.0,0.0,1.0,,,,,10.116593798949255,51.63369131875578,12713.01892192483,67078.4936803479,11.301591724215267,6.2186624535806905,227.15423827353936,230.735472634774,0.06896551724137931,0.2533954906327426,595.5435862068965,2887.9806028982343
v1_2___spambase,4601.0,28.0,2.0,2300.5,487.5,28.0,0.0,1.0,,,,,2.043310025770795,9.649733514376274,1357.3169495588554,7048.543663475852,11.060156044991446,7.529841955789931,255.15034195239443,347.53578130938877,0.03571428571428571,0.18557687223952257,368.3547857142857,1851.5172542444047
v0_2___bank-marketing,45211.0,26.0,2.0,22605.5,17316.5,4.0,22.0,0.006993006993006993,0.18488159558916675,0.24678658709339293,0.839773506447546,0.00473336135011391,361.54248412996833,577.9776304756169,2320186.7690216443,4012824.4084084798,4.13973561992732,2.856838833557081,46.8086809267624,56.193280278561815,-2000.25,3474.9347745677183,25789.0,44074.95229719483
v1_2___bank-marketing,45211.0,25.0,2.0,22605.5,17316.5,3.0,22.0,0.005454545454545454,0.22420931350174225,0.2464431771640877,0.9819734135497998,0.012806617858485766,91.51660731532887,118.00068808975959,22131.714513350365,31246.253169176023,15.027451930274204,19.003783524693674,1507.8179932471364,2120.3053902427114,0.3333333333333333,0.4714045207910317,1741.3333333333333,2248.4501822860616
v0_3___credit-g,1000.0,21.0,2.0,500.0,200.0,3.0,18.0,0.007936507936507936,0.23327777777777778,0.23703347291880655,0.814,0.009,19.28533333333333,13.984049588330588,91.71665865865867,64.94739287595932,1.1274720131510871,0.10558708426798451,1.0288133681665972,0.41836706397710705,8.0,7.874007874011811,50.333333333333336,32.78549814916481
v1_3___credit-g,1000.0,20.0,2.0,500.0,200.0,2.0,18.0,0.005555555555555555,0.24761111111111112,0.24762227930837835,0.963,0.012,1637.0514999999998,1634.2065,3983922.344550051,3983921.126356858,0.8372706150523652,1.1094314038895585,1.4423092238709603,2.8228541533425298,125.5,124.5,9214.0,9210.0
v2_3___credit-g,1000.0,20.0,2.0,500.0,200.0,1.0,19.0,0.002631578947368421,0.2812631578947368,0.2785441176631891,1.0,0.022,2.973,0.0,1.2515225225225228,0.0,-0.5305507598158565,0.0,-1.2104232256102128,0.0,1.0,0.0,4.0,0.0
v0_3___hill-valley,1212.0,34.0,2.0,606.0,0.0,34.0,0.0,1.0,,,,,8180.343645165987,40.61871157502792,324590004.68153906,6699492.249657562,3.0008480050886384,0.05038801688062513,9.548342009758308,0.4806964159392711,0.833529411764706,0.09563663932827692,119704.81705882352,7870.127076259923
v1_3___hill-valley,1212.0,33.0,2.0,606.0,0.0,33.0,0.0,1.0,,,,,8165.553179567956,39.53894496302808,323464561.4205457,5785288.850874595,3.00633258729899,0.05786481843909913,9.597318921403414,0.6024476156106365,0.8075757575757575,0.10144502326698043,117936.12787878787,8504.134312685355
v2_3___hill-valley,1212.0,33.0,2.0,606.0,0.0,33.0,0.0,1.0,,,,,8176.066118111811,48.726779947459434,324051716.4932608,6076727.016796955,2.9956917419311524,0.04333730596781912,9.482854029173966,0.47693680718548015,0.8054545454545454,0.10739592309543533,116672.5493939394,8582.675561509534
v0_3___one-hundred-plants-texture,1599.0,22.0,100.0,15.99,0.09949874371066199,22.0,0.0,1.0,,,,,0.016551783984308375,0.00803171813974445,0.0009332935670890263,0.0008910587967399084,3.312283074999459,1.6387261935676463,18.896074640076424,24.231603356287224,0.0,0.0,0.24591627272727268,0.11695506087583843
v1_3___one-hundred-plants-texture,1599.0,21.0,100.0,15.99,0.09949874371066199,21.0,0.0,1.0,,,,,0.01620358879061318,0.006092879359834308,0.0007247442724275391,0.0006989997362039883,2.808160770760511,0.9164635500467716,11.835750898472408,8.825047743590362,0.0,0.0,0.21461157142857143,0.09872015526275292
v2_3___one-hundred-plants-texture,1599.0,21.0,100.0,15.99,0.09949874371066199,21.0,0.0,1.0,,,,,0.014075561690342178,0.005916755689310015,0.0011743013942545435,0.0015810085629013582,3.2915547954520368,1.5890014058561688,16.03055814134826,15.745156821722025,0.0,0.0,0.24772204761904765,0.20184812862443932
v0_3___one-hundred-plants-shape,1600.0,22.0,100.0,16.0,0.0,22.0,0.0,1.0,,,,,0.0006195078125,5.970029007263488e-05,7.728801144772657e-08,2.506265079886828e-08,1.1564540854058103,0.6466346974925932,3.1697620614799606,2.2586990597247785,8.277272727272728e-05,3.948754903669788e-05,0.0021810909090909094,0.000260755181085266
v1_3___one-hundred-plants-shape,1600.0,21.0,100.0,16.0,0.0,21.0,0.0,1.0,,,,,0.000599601755952381,6.506077580328803e-05,9.499592147709506e-08,2.773306653832293e-08,1.4916794833684814,0.7313476566319476,3.8637505396882945,2.5416527946784293,6.733333333333333e-05,3.479235456976053e-05,0.002253142857142857,0.00023395385904760216
v2_3___one-hundred-plants-shape,1600.0,21.0,100.0,16.0,0.0,21.0,0.0,1.0,,,,,0.0005942648214285714,5.5111668893097386e-05,9.059670378510377e-08,2.8231000923014234e-08,1.5318663817650215,0.6621312797377703,4.359114128556482,2.3501342389700857,7.347619047619048e-05,3.390830639578428e-05,0.0023383333333333333,0.0003009515596733821
v0_3___ozone-level-8hr,2534.0,24.0,2.0,1267.0,1107.0,24.0,0.0,1.0,,,,,627.7240352297256,2102.5514665248115,299.144478912112,710.4038529306388,0.031174639755399376,0.7735973072532628,0.4534503116787798,0.8430205100094723,590.21,2056.3873445377453,653.8441666666666,2142.120163760888
v1_3___ozone-level-8hr,2534.0,24.0,2.0,1267.0,1107.0,24.0,0.0,1.0,,,,,8.351142140785319,9.153988181121006,22.929058661992855,22.523677759389347,0.2102858410342842,0.696826074619053,0.6167653688653252,0.8380872557436116,-3.768333333333333,7.9147734578374935,19.42833333333333,12.465325128353275
v2_3___ozone-level-8hr,2534.0,24.0,2.0,1267.0,1107.0,24.0,0.0,1.0,,,,,253.40864212901212,1160.5214373110882,328.7788559310048,1204.2530652604387,0.016254893689943466,1.6281890924792757,3.3930147357504334,15.469879176795175,219.70416666666665,1097.1792216517345,276.19416666666666,1186.526040938127
v0_3___kr-vs-kp,3196.0,25.0,2.0,1598.0,71.0,0.0,25.0,0.0,0.6019899874843554,0.35581889954667884,0.996558197747184,0.00344180225281602,,,,,,,,,,,,
v1_3___kr-vs-kp,3196.0,24.0,2.0,1598.0,71.0,0.0,24.0,0.0,0.36601741760533996,0.31358147633554373,0.8992490613266583,0.00031289111389236547,,,,,,,,,,,,
v2_3___kr-vs-kp,3196.0,24.0,2.0,1598.0,71.0,0.0,24.0,0.0,0.506909678765123,0.325768862783096,0.9996871088861077,0.0425531914893617,,,,,,,,,,,,
v0_3___optical_recognition_of_handwritten_digits,5620.0,22.0,10.0,562.0,6.465291950097845,22.0,0.0,1.0,,,,,4.804084438692979,3.821039363650343,19.346123338923398,14.347599997737111,3.707480110207222,8.73993481038151,107.41362139107389,392.14542650877826,0.0,0.0,13.818181818181818,4.281422487024225
v1_3___optical_recognition_of_handwritten_digits,5620.0,21.0,10.0,562.0,6.465291950097845,20.0,1.0,0.9523809523809523,0.0008896797153024911,0.0,0.0008896797153024911,0.0008896797153024911,5.828816725978648,4.253364257887403,21.65588875662708,14.86946742288673,3.863303789482276,8.85538422119324,109.50081314935733,313.0690490859895,0.0,0.0,14.75,3.080178566252288
v2_3___optical_recognition_of_handwritten_digits,5620.0,21.0,10.0,562.0,6.465291950097845,19.0,2.0,0.4523809523809524,0.0007117437722419929,0.00035587188612099647,0.0010676156583629894,0.00035587188612099647,4.8447930324030715,4.2972686488892595,18.17588801053979,14.322231548092036,3.6523155052559386,6.559771027869405,63.31151569729374,152.51178409333576,0.0,0.0,13.421052631578947,5.0816055220216025
v0_3___support2,9105.0,22.0,6.0,1517.5,1184.9645212691673,11.0,11.0,0.045454545454545456,0.31418301632469675,0.22192501676165624,0.6810543657331136,0.008676551345414608,8253.6076615851,18165.782195953496,1116038457.149597,2974188598.729078,2.2920672901596095,2.2002501611609198,15.11434099908651,14.022868837636246,100.6519149581818,338.8804176584332,188957.2549991818,433665.6164670749
v1_3___support2,9105.0,22.0,6.0,1517.5,1184.9645212691673,13.0,9.0,0.06565656565656565,0.21774360851790833,0.22589344419595414,0.7897858319604613,0.012300933552992862,44.66124150300137,68.62598659481229,1141.3169884788679,2510.6564186689993,1.0153871626223032,1.570268329472477,6.09113507916326,13.11416085322553,3.4384015384615383,8.753665965193226,208.54719406946154,342.4709974350649
v2_3___support2,9105.0,22.0,6.0,1517.5,1184.9645212691673,9.0,13.0,0.031468531468531465,0.1859164448950281,0.19204438451270303,0.6584294343767161,0.026249313563975838,2572.8151209710454,7177.33646279715,137007993.24312145,387516588.23638767,2.8086331493746037,2.5177657471903374,39.23961431522249,66.72231960842879,0.975553804444445,50.159741336678046,79056.93866644967,223313.20198555005
v0_5___olivetti_faces,400.0,820.0,40.0,10.0,0.0,820.0,0.0,1.0,,,,,0.5489741866908422,0.10371396361161668,0.019205837521399864,0.006009869804399057,-0.3162109470709168,0.5186553094113463,0.040221333107116834,0.9647979337232757,0.1554626082649409,0.09178932032216962,0.8545202556906677,0.046071608251379535
v1_5___olivetti_faces,400.0,819.0,40.0,10.0,0.0,819.0,0.0,1.0,,,,,0.5489721004925077,0.10197301887838046,0.019309904051243405,0.0059516604451956105,-0.3140377075214845,0.49883963427352324,0.01073578450047309,0.9126226107365785,0.15535474627054727,0.0930281663626963,0.8571680817703042,0.04203843556426826
v2_5___olivetti_faces,400.0,819.0,40.0,10.0,0.0,819.0,0.0,1.0,,,,,0.5437691496987628,0.1001810946290938,0.01959693925276432,0.006209921939833813,-0.2871884918792811,0.48996158889415536,-0.044517730641563065,0.9102377759547174,0.15454747282441647,0.09225934696409338,0.855124670434493,0.043564743107626064
v3_5___olivetti_faces,400.0,819.0,40.0,10.0,0.0,819.0,0.0,1.0,,,,,0.5469073347556286,0.10235182502748512,0.019369769546481407,0.0059185816967234515,-0.3020097028030724,0.49467205074119697,0.007163678402451878,0.8921327286067146,0.15449701788947806,0.09312351204719702,0.8560227629465934,0.04485376530724964
v4_5___olivetti_faces,400.0,819.0,40.0,10.0,0.0,819.0,0.0,1.0,,,,,0.5465872379813584,0.10384323976974338,0.019097379551974505,0.005850833218889005,-0.29443529543553637,0.4989449695100234,0.017201118326609886,0.8899219546765177,0.1563133834105017,0.09628140494370974,0.8532376692554162,0.04680892147310991
v0_5___cirrhosis_patient_survival_prediction,418.0,156.0,3.0,139.33333333333334,85.88493594468254,1.0,155.0,4.1356492969396195e-05,0.017286618305294023,0.09609598620273124,0.84688995215311,0.0023923444976076554,10.7311004784689,0.0,1.0395580186568447,0.0,2.2221512527925245,0.0,9.971589862935103,0.0,9.0,0.0,18.0,0.0
v1_5___cirrhosis_patient_survival_prediction,418.0,155.0,3.0,139.33333333333334,85.88493594468254,1.0,154.0,4.1893590280687055e-05,0.009507239172310942,0.04175643043423032,0.37799043062200954,0.0023923444976076554,18533.351674641148,0.0,14560673.48034491,0.0,0.08653818165415914,0.0,-0.6236974528152954,0.0,9598.0,0.0,28650.0,0.0
v2_5___cirrhosis_patient_survival_prediction,418.0,155.0,3.0,139.33333333333334,85.88493594468254,2.0,153.0,8.43348091924942e-05,0.010085373862463646,0.04306909874502236,0.3827751196172249,0.0023923444976076554,61.79399521531101,58.77007177033493,1205.0566293185548,1204.289816931144,0.6406298878271489,1.1374792609202284,3.126020772371954,3.737732758240005,13.675,12.675,230.625,226.625
v3_5___cirrhosis_patient_survival_prediction,418.0,155.0,3.0,139.33333333333334,85.88493594468254,2.0,153.0,8.43348091924942e-05,0.010695187165775399,0.07213688117882432,0.8947368421052632,0.0023923444976076554,901.3212081339711,897.8237679425836,1758041.3138669191,1758041.1332660534,1.55838475724424,2.0242318695138586,7.348912401377699,6.803244255202088,145.48,143.51999999999998,6933.5199999999995,6928.88
v4_5___cirrhosis_patient_survival_prediction,418.0,155.0,3.0,139.33333333333334,85.88493594468254,1.0,154.0,4.1893590280687055e-05,0.005809979494190021,0.018913845673924515,0.215311004784689,0.0023923444976076554,3.220813397129187,0.0,19.426112526246946,0.0,2.7078487798071547,0.0,7.954863135239497,0.0,0.3,0.0,28.0,0.0
v0_5___arrhythmia,452.0,69.0,13.0,34.76923076923077,62.39348319786394,41.0,28.0,0.021221532091097308,0.5030025284450064,0.49136046575510955,0.9977876106194691,0.0022123893805309734,16.04101554068638,32.35735781294988,170.74528651704753,259.34431226490887,0.5896122042224872,3.9818819495281876,20.645378107192805,38.154222418697444,-5.463414634146341,32.063920580216326,56.4390243902439,75.43702228187101
v1_5___arrhythmia,452.0,69.0,13.0,34.76923076923077,62.39348319786394,42.0,27.0,0.02254428341384863,0.5161422484431334,0.490354686658635,0.9977876106194691,0.0022123893805309734,9.980910240202274,21.001675147501107,288.21544750252986,673.8472150646186,1.0451202318287647,6.814070456154897,53.550002327337566,104.52427566681587,-21.06904761904762,46.335918845787944,61.94999999999999,67.41236374519355
v2_5___arrhythmia,452.0,69.0,13.0,34.76923076923077,62.39348319786394,44.0,25.0,0.025507246376811593,0.44,0.4869863823039159,0.9977876106194691,0.0022123893805309734,21.676553700724057,59.62794124425908,175.67173808917522,362.3531517535042,0.6031628476709174,5.568612964159763,37.245490942092964,73.95106538730691,-5.297727272727273,46.058665597831784,65.76590909090909,111.73068460930716
v3_5___arrhythmia,452.0,68.0,13.0,34.76923076923077,62.39348319786394,43.0,25.0,0.025294117647058825,0.3637168141592921,0.45200322475090177,0.9977876106194691,0.0022123893805309734,8.58161144268368,14.539310887869256,147.25968166371499,347.40604247252736,1.5708039749036187,7.615351971578601,67.07702722048928,113.7935735187538,-11.527906976744188,30.84853715261816,43.96744186046512,53.748292437690985
v4_5___arrhythmia,452.0,68.0,13.0,34.76923076923077,62.39348319786394,43.0,25.0,0.025294117647058825,0.6356637168141592,0.4720024642508854,0.9977876106194691,0.0022123893805309734,12.437569458736366,29.279079329434083,262.48410609566724,383.2103459303766,2.7235694652946507,5.463216894244274,47.60470663760014,86.74012305391965,-28.83488372093023,65.43910317987617,85.23953488372094,126.18678134349169
v0_5___regensburg_pediatric_appendicitis,782.0,31.0,3.0,260.6666666666667,192.371746597282,4.0,27.0,0.0047789725209080045,0.22222222222222227,0.27665637943520377,0.9757033248081841,0.0012787723785166241,51.12206467034528,57.135519636223165,98.46030057938647,160.56866395595927,-0.45994915920448814,0.8058547084740124,6.347906798258608,9.654582136605915,20.65,21.413838983236985,66.89,72.8166210421769
v1_5___regensburg_pediatric_appendicitis,782.0,31.0,3.0,260.6666666666667,192.371746597282,4.0,27.0,0.0047789725209080045,0.12304631997726628,0.23179114378630125,0.9373401534526854,0.0012787723785166241,30.65732097186701,25.703623978640742,862.4662902952473,1386.4249307200696,1.9154419194122034,2.5717077549600216,25.24541155885718,38.76756687648831,8.85,11.11069304769059,127.175,140.95421907484712
v2_5___regensburg_pediatric_appendicitis,782.0,31.0,3.0,260.6666666666667,192.371746597282,4.0,27.0,0.0047789725209080045,0.1217201856588046,0.19611149042295659,0.6534526854219949,0.0012787723785166241,86.41179987212276,115.57949476247455,1366.0141891478315,2179.9185993858177,4.9200485501123925,6.02617701191486,64.31950327000796,100.53883663529402,26.79,37.25689600597452,231.475,276.53476612353825
v3_5___regensburg_pediatric_appendicitis,782.0,30.0,3.0,260.6666666666667,192.371746597282,4.0,26.0,0.005128205128205128,0.21940783002164077,0.27674786378713045,0.9066496163682864,0.0012787723785166241,10.394729661857417,5.810267105833286,12.749862120423796,11.458441949766947,2.6397889121520723,3.3420370339764816,38.9084722610332,66.09246382283386,3.5125,2.820579506058994,24.965,13.042916660011286
v4_5___regensburg_pediatric_appendicitis,782.0,30.0,3.0,260.6666666666667,192.371746597282,1.0,29.0,0.0011494252873563218,0.12333539112796543,0.22214943653281413,0.7429667519181585,0.0012787723785166241,64.52966751918159,0.0,15.454355587138263,0.0,-0.979184851765959,0.0,30.80798978085398,0.0,32.0,0.0,91.0,0.0
v0_5___amazon-commerce-reviews,1500.0,2000.0,50.0,30.0,0.0,1556.0,444.0,0.0017522522522522524,0.012911411411411411,0.01948463011505814,0.24866666666666667,0.006,0.4842493573264782,2.0461652730333313,1.0572728388477208,8.943842919414513,6.46331993202136,4.748829364568411,76.10474041846156,104.80982431934252,0.007069408740359897,0.17365390576389014,5.532133676092545,5.942710280093863
v1_5___amazon-commerce-reviews,1500.0,2000.0,50.0,30.0,0.0,1563.0,437.0,0.001788329519450801,0.01187643020594966,0.006107102921774787,0.05533333333333333,0.006,0.46202729793132874,2.2587265004148955,1.1301540994629107,13.58538772608994,6.910870537731419,5.157822554846835,87.70645122423092,125.83014749951374,0.010876519513755598,0.31062966119808527,5.400511836212412,6.056741699918662
v2_5___amazon-commerce-reviews,1500.0,2000.0,50.0,30.0,0.0,1565.0,435.0,0.0017988505747126439,0.012045977011494253,0.012689752345677137,0.25266666666666665,0.006,0.6697631522896698,6.695233574022032,3.967319599505811,110.47010680935657,6.447121786996543,4.970158608170743,77.9343389146691,121.25699129209076,0.027476038338658148,0.7272946633800568,5.784025559105431,11.917849813546926
v3_5___amazon-commerce-reviews,1500.0,2000.0,50.0,30.0,0.0,1569.0,431.0,0.001820185614849188,0.012437741686001548,0.016492271773746972,0.24866666666666667,0.006,0.4851298066709156,2.1542830299350078,1.1359853615320066,11.385273155091248,6.549586234898132,4.9750128544685355,79.50975730554259,116.41943273481722,0.007010834926704908,0.22989298479676906,5.504142766093053,6.012215262237175
v4_5___amazon-commerce-reviews,1500.0,2000.0,50.0,30.0,0.0,1569.0,431.0,0.001820185614849188,0.014150038669760247,0.02611089779437517,0.25266666666666665,0.006,0.5111357552581262,2.702387159756692,1.3221640294719532,17.427675596488267,6.529660688304281,4.889364514179561,78.62540240396261,112.05813038606038,0.0038240917782026767,0.10704042066752126,5.501593371574251,7.019877360004486
v0_5___Bioresponse,3751.0,356.0,2.0,1875.5,158.5,207.0,149.0,0.003902420631928211,0.12625358070062748,0.13779020293698396,0.6304985337243402,0.009064249533457745,0.048878339632443264,0.12814030583102,0.006151106162942329,0.01647402975991194,12.124621471284218,10.217709829678515,294.90808377231866,491.1667025171379,0.002956929657004831,0.025018035555057654,0.9205813113333333,0.16946760271371022
v1_5___Bioresponse,3751.0,355.0,2.0,1875.5,158.5,189.0,166.0,0.003207194977091464,0.12712915110187484,0.16569154279330509,0.8155158624366835,0.00026659557451346307,0.05010599356768777,0.12473905627705553,0.006000322391418205,0.012086239866111069,11.7238351160079,9.774493865899451,277.06503183968476,417.1533280170484,0.0019340060476190476,0.013517361460425889,0.909644754962963,0.14926178949875435
v2_5___Bioresponse,3751.0,355.0,2.0,1875.5,158.5,187.0,168.0,0.003135479543930248,0.13201400261517565,0.13369049007771333,0.7008797653958945,0.010930418555051986,0.04056916879519757,0.11184464030213553,0.004799887673704702,0.009517006746508029,11.264723415869557,9.380656931069696,258.16820355938296,361.4040518465232,0.001450243042780749,0.01879733996789401,0.9008224994438503,0.1842314015850717
v3_5___Bioresponse,3751.0,355.0,2.0,1875.5,158.5,177.0,178.0,0.0028010761196391835,0.13107815443971496,0.1817068383205415,0.9664089576113036,0.00026659557451346307,0.05508113294353445,0.14792074109569472,0.0043385886104377125,0.006082496389818662,11.559118620567034,9.404981818464178,267.4850796055113,387.19239907432745,0.003980112502824858,0.030818695859823147,0.9173499212146894,0.15030821387637838
v4_5___Bioresponse,3751.0,355.0,2.0,1875.5,158.5,181.0,174.0,0.0029302250283309047,0.14139984126838206,0.15284074290299865,0.6539589442815249,0.00026659557451346307,0.05039997917187167,0.1363203829251081,0.006740757077215702,0.017906937595619687,11.447034275147175,9.310716677833069,264.0394132277608,394.1241809909632,0.0020899531325966852,0.02158199346692123,0.9152572920276243,0.1726260129235718
v0_5___isolet,7797.0,124.0,26.0,299.88461538461536,0.423076923076923,123.0,1.0,0.9919354838709677,1.0,0.0,1.0,1.0,0.07029225749741146,0.4364443732275703,0.18472310194842112,0.09569566444956444,0.3259909780966157,1.552873464336995,2.510249481837094,12.851910368710737,-0.9432260162601626,0.10301671175294802,0.9864227642276423,0.07300689444334339
v1_5___isolet,7797.0,124.0,26.0,299.88461538461536,0.423076923076923,123.0,1.0,0.9919354838709677,1.0,0.0,1.0,1.0,0.07113077137235396,0.4607700836810145,0.1688018067382037,0.09078433620090422,0.4566778201940623,1.949436734880633,4.415924210533691,17.549235941026804,-0.9260276422764228,0.11962424184045871,0.9826390243902438,0.09255784096580601
v2_5___isolet,7797.0,123.0,26.0,299.88461538461536,0.423076923076923,122.0,1.0,0.991869918699187,1.0,0.0,1.0,1.0,0.04639895966712713,0.47100152278185925,0.18665887916665394,0.10601393336313875,0.520797751752661,1.9073190900995822,4.245118683130783,16.843453588928366,-0.9304409836065574,0.12212736146623594,0.9762934426229508,0.10609428897788098
v3_5___isolet,7797.0,123.0,26.0,299.88461538461536,0.423076923076923,122.0,1.0,0.991869918699187,1.0,0.0,1.0,1.0,0.0676566558806771,0.45002744039960285,0.1910672980336495,0.10503567209629466,0.4165454543464932,1.7042135017206834,2.893847210228898,11.985797172405363,-0.9316,0.12361831791684502,0.9818081967213114,0.1019870592804921
v4_5___isolet,7797.0,123.0,26.0,299.88461538461536,0.423076923076923,123.0,0.0,1.0,,,,,0.08461751684773483,0.4486715108408429,0.1862080167905064,0.08896575261869015,0.4629930982328076,1.9058703933976089,4.030406667494659,16.809066590644782,-0.9405560975609756,0.10362260335580448,0.9864878048780488,0.10156336688765012
v0_5___mushroom,8124.0,24.0,2.0,4062.0,146.0,0.0,24.0,0.0,0.10948014114557687,0.2086854479403425,0.9741506646971935,0.0004923682914820286,,,,,,,,,,,,
v1_5___mushroom,8124.0,23.0,2.0,4062.0,146.0,0.0,23.0,0.0,0.14549483013293943,0.19102594467740813,0.690792712949286,0.0019694731659281144,,,,,,,,,,,,
v2_5___mushroom,8124.0,23.0,2.0,4062.0,146.0,1.0,22.0,0.001976284584980237,0.1576921355355624,0.21052400556739095,0.8385032003938946,0.0004923682914820286,1.0,0.0,0.0,0.0,0.0,0.0,0.0,0.0,1.0,0.0,1.0,0.0
v3_5___mushroom,8124.0,23.0,2.0,4062.0,146.0,0.0,23.0,0.0,0.21509001776807316,0.19149193344836432,0.5844411619891678,0.0029542097488921715,,,,,,,,,,,,
v4_5___mushroom,8124.0,23.0,2.0,4062.0,146.0,0.0,23.0,0.0,0.27410999079485365,0.27173300556476654,0.9753815854258986,0.004431314623338257,,,,,,,,,,,,
v0_5___SpeedDating,8378.0,100.0,2.0,4189.0,2809.0,13.0,87.0,0.0014942528735632185,0.14248181471450952,0.20964617662222665,0.8768202434948675,0.0007161613750298401,7.277252970233397,3.5926662607400965,9.630887271325793,11.524987347003686,-0.06535593949315693,0.7319398642339511,0.5599092770607199,1.7587036451548814,0.5384615384615384,0.7457969011409737,14.76923076923077,10.735661967006157
v1_5___SpeedDating,8378.0,100.0,2.0,4189.0,2809.0,13.0,87.0,0.0014942528735632185,0.12186542202758732,0.16291295949827037,0.5065648126044402,0.0007161613750298401,7.5883666929871305,5.673371692550101,20.752953911339603,41.09115708488881,0.2499241383067209,1.1459949900802844,1.7841845297778383,4.016287798168426,0.16692307692307692,0.5058638402298301,22.531538461538464,26.871653880037247
v2_5___SpeedDating,8378.0,100.0,2.0,4189.0,2809.0,7.0,93.0,0.0007526881720430108,0.1206513731560128,0.20953909556898098,0.8749104798281213,0.0005968011458582001,14.78758278484466,8.296938834093378,37.6916653939011,51.16861985700822,0.5275975191521646,0.8347380826167252,2.388283919858744,2.4845570634740097,2.5714285714285716,6.298687910013887,40.785714285714285,30.916774391509705
v3_5___SpeedDating,8378.0,100.0,2.0,4189.0,2809.0,16.0,84.0,0.0019047619047619048,0.12101422091873275,0.1748286179847867,0.6204344712341847,0.0007161613750298401,8.643519709357841,4.335116180838716,13.882691770114068,17.01564639346147,0.008197080362217807,1.1681072512215758,1.9400416275310666,5.320279403839068,0.5,0.8660254037844386,20.1875,17.299634208560597
v4_5___SpeedDating,8378.0,100.0,2.0,4189.0,2809.0,10.0,90.0,0.0011111111111111111,0.18435850507944085,0.23310749625705635,0.7437335879684889,0.0005968011458582001,8.993051802339462,6.515143420756848,11.039174706159963,14.092105595516944,1.1039696987679506,4.011982105548276,28.97532798722703,84.24693704303594,2.2,5.3065996645686395,20.6,17.76063061943466
v0_5___adult,48842.0,22.0,4.0,12210.5,7835.741525216359,3.0,19.0,0.007177033492822966,0.19269869116097232,0.31589823532380595,0.8974243478973015,0.00047090618729781744,29.714685448316335,13.904147667139958,116.0452895262171,78.64874586349171,0.15993012720121497,0.361166400073054,1.1306066024238555,1.3287518726840055,6.333333333333333,7.542472332656507,68.33333333333333,37.1872140511882
v1_5___adult,48842.0,22.0,4.0,12210.5,7835.741525216359,0.0,22.0,0.0,0.05436360658300792,0.07595980038661816,0.33151795585766347,0.00047090618729781744,,,,,,,,,,,,
v2_5___adult,48842.0,22.0,4.0,12210.5,7835.741525216359,3.0,19.0,0.007177033492822966,0.06630725497253227,0.11627487164900431,0.45819172024077637,2.0474182056426847e-05,63610.234845692925,89134.48652599183,3735968395.4265137,5244123579.877255,5.967603297729242,4.381381368327037,59.58220736557042,66.07427203483884,4095.0,5791.204537917824,531585.0,679108.0174419972
v3_5___adult,48842.0,21.0,4.0,12210.5,7835.741525216359,0.0,21.0,0.0,0.032114242036030666,0.03892951543423651,0.1263666516522665,0.00020474182056426845,,,,,,,,,,,,
v4_5___adult,48842.0,21.0,4.0,12210.5,7835.741525216359,0.0,21.0,0.0,0.05539923680048982,0.10736610139877938,0.4036689734245117,0.0003890094590721101,,,,,,,,,,,,
v0_5___mnist_784,70000.0,157.0,10.0,7000.0,378.82423364932714,152.0,5.0,0.19363057324840763,1.4285714285714287e-05,1.6940658945086007e-21,1.4285714285714285e-05,1.4285714285714285e-05,33.84255620300752,43.62726394722585,4371.002311549365,5049.888370426131,30.552469234772467,54.17405405925808,4049.7602163117976,11457.011237301062,0.0,0.0,224.95394736842104,72.99579465318438
v1_5___mnist_784,70000.0,157.0,10.0,7000.0,378.82423364932714,151.0,6.0,0.16029723991507433,1.4285714285714287e-05,1.6940658945086007e-21,1.4285714285714285e-05,1.4285714285714285e-05,35.40178855250711,42.46995965383204,4676.179352003729,5028.938185299337,23.338879583097924,48.63440876212063,3073.1157734600934,9199.400152741453,0.0,0.0,222.31788079470198,81.90443234583263
v2_5___mnist_784,70000.0,157.0,10.0,7000.0,378.82423364932714,151.0,6.0,0.16029723991507433,1.4285714285714287e-05,1.6940658945086007e-21,1.4285714285714285e-05,1.4285714285714285e-05,36.92771627246925,42.693335450893656,4883.2465979213075,4983.398405731343,20.311459436623768,44.598033543740726,2533.457198258286,9243.280967241364,0.0,0.0,224.34437086092714,78.80111996696427
v3_5___mnist_784,70000.0,157.0,10.0,7000.0,378.82423364932714,156.0,1.0,0.9936305732484076,1.4285714285714285e-05,0.0,1.4285714285714285e-05,1.4285714285714285e-05,29.23215128205128,40.36834827353368,3891.2721753957603,4762.183751930102,28.68800044628007,51.70844099083954,3673.3079210451697,10798.571837687596,0.0,0.0,228.3397435897436,69.6067246230906
v4_5___mnist_784,70000.0,156.0,10.0,7000.0,378.82423364932714,155.0,1.0,0.9935897435897436,1.4285714285714285e-05,0.0,1.4285714285714285e-05,1.4285714285714285e-05,35.79704847926268,44.1278233829209,4613.6641826404675,5091.326521984704,20.542519924544045,41.19226309209673,2273.6644541413125,7812.983117201875,0.0,0.0,223.01290322580644,79.7157844163856
